InvoiceNo,StockCode,Description,Quantity,InvoiceDate,UnitPrice,CustomerID,Country
536365,85123A,"WHITE HANGING HEART T-LIGHT HOLDER",6,"1.12.2010 08:26",2.55,17850,"United Kingdom"
536365,71053,"WHITE METAL LANTERN",6,"1.12.2010 08:26",3.39,17850,"United Kingdom"
536365,84406B,"CREAM CUPID HEARTS COAT HANGER",8,"1.12.2010 08:26",2.75,17850,"United Kingdom"
536365,84029G,"KNITTED UNION FLAG HOT WATER BOTTLE",6,"1.12.2010 08:26",3.39,17850,"United Kingdom"
536365,84029E,"RED WOOLLY HOTTIE WHITE HEART.",6,"1.12.2010 08:26",3.39,17850,"United Kingdom"
536365,22752,"SET 7 BABUSHKA NESTING BOXES",2,"1.12.2010 08:26",7.65,17850,"United Kingdom"
536365,21730,"GLASS STAR FROSTED T-LIGHT HOLDER",6,"1.12.2010 08:26",4.25,17850,"United Kingdom"
536366,22633,"HAND WARMER UNION JACK",6,"1.12.2010 08:28",1.85,17850,"United Kingdom"
536366,22632,"HAND WARMER RED POLKA DOT",6,"1.12.2010 08:28",1.85,17850,"United Kingdom"
536367,84879,"ASSORTED COLOUR BIRD ORNAMENT",32,"1.12.2010 08:34",1.69,13047,"United Kingdom"
536367,22745,"POPPY'S PLAYHOUSE BEDROOM ",6,"1.12.2010 08:34",2.1,13047,"United Kingdom"
536367,22748,"POPPY'S PLAYHOUSE KITCHEN",6,"1.12.2010 08:34",2.1,13047,"United Kingdom"
536367,22749,"FELTCRAFT PRINCESS CHARLOTTE DOLL",8,"1.12.2010 08:34",3.75,13047,"United Kingdom"
536367,22310,"IVORY KNITTED MUG COSY ",6,"1.12.2010 08:34",1.65,13047,"United Kingdom"
536367,84969,"BOX OF 6 ASSORTED COLOUR TEASPOONS",6,"1.12.2010 08:34",4.25,13047,"United Kingdom"
536367,22623,"BOX OF VINTAGE JIGSAW BLOCKS ",3,"1.12.2010 08:34",4.95,13047,"United Kingdom"
536367,22622,"BOX OF VINTAGE ALPHABET BLOCKS",2,"1.12.2010 08:34",9.95,13047,"United Kingdom"
536367,21754,"HOME BUILDING BLOCK WORD",3,"1.12.2010 08:34",5.95,13047,"United Kingdom"
536367,21755,"LOVE BUILDING BLOCK WORD",3,"1.12.2010 08:34",5.95,13047,"United Kingdom"
536367,21777,"RECIPE BOX WITH METAL HEART",4,"1.12.2010 08:34",7.95,13047,"United Kingdom"
536367,48187,"DOORMAT NEW ENGLAND",4,"1.12.2010 08:34",7.95,13047,"United Kingdom"
536368,22960,"JAM MAKING SET WITH JARS",6,"1.12.2010 08:34",4.25,13047,"United Kingdom"
536368,22913,"RED COAT RACK PARIS FASHION",3,"1.12.2010 08:34",4.95,13047,"United Kingdom"
536368,22912,"YELLOW COAT RACK PARIS FASHION",3,"1.12.2010 08:34",4.95,13047,"United Kingdom"
536368,22914,"BLUE COAT RACK PARIS FASHION",3,"1.12.2010 08:34",4.95,13047,"United Kingdom"
536369,21756,"BATH BUILDING BLOCK WORD",3,"1.12.2010 08:35",5.95,13047,"United Kingdom"
536370,22728,"ALARM CLOCK BAKELIKE PINK",24,"1.12.2010 08:45",3.75,12583,France
536370,22727,"ALARM CLOCK BAKELIKE RED ",24,"1.12.2010 08:45",3.75,12583,France
536370,22726,"ALARM CLOCK BAKELIKE GREEN",12,"1.12.2010 08:45",3.75,12583,France
536370,21724,"PANDA AND BUNNIES STICKER SHEET",12,"1.12.2010 08:45",0.85,12583,France
536370,21883,"STARS GIFT TAPE ",24,"1.12.2010 08:45",0.65,12583,France
536370,10002,"INFLATABLE POLITICAL GLOBE ",48,"1.12.2010 08:45",0.85,12583,France
536370,21791,"VINTAGE HEADS AND TAILS CARD GAME ",24,"1.12.2010 08:45",1.25,12583,France
536370,21035,"SET/2 RED RETROSPOT TEA TOWELS ",18,"1.12.2010 08:45",2.95,12583,France
536370,22326,"ROUND SNACK BOXES SET OF4 WOODLAND ",24,"1.12.2010 08:45",2.95,12583,France
536370,22629,"SPACEBOY LUNCH BOX ",24,"1.12.2010 08:45",1.95,12583,France
536370,22659,"LUNCH BOX I LOVE LONDON",24,"1.12.2010 08:45",1.95,12583,France
536370,22631,"CIRCUS PARADE LUNCH BOX ",24,"1.12.2010 08:45",1.95,12583,France
536370,22661,"CHARLOTTE BAG DOLLY GIRL DESIGN",20,"1.12.2010 08:45",0.85,12583,France
536370,21731,"RED TOADSTOOL LED NIGHT LIGHT",24,"1.12.2010 08:45",1.65,12583,France
536370,22900," SET 2 TEA TOWELS I LOVE LONDON ",24,"1.12.2010 08:45",2.95,12583,France
536370,21913,"VINTAGE SEASIDE JIGSAW PUZZLES",12,"1.12.2010 08:45",3.75,12583,France
536370,22540,"MINI JIGSAW CIRCUS PARADE ",24,"1.12.2010 08:45",0.42,12583,France
536370,22544,"MINI JIGSAW SPACEBOY",24,"1.12.2010 08:45",0.42,12583,France
536370,22492,"MINI PAINT SET VINTAGE ",36,"1.12.2010 08:45",0.65,12583,France
536370,POST,POSTAGE,3,"1.12.2010 08:45",18,12583,France
536371,22086,"PAPER CHAIN KIT 50'S CHRISTMAS ",80,"1.12.2010 09:00",2.55,13748,"United Kingdom"
536372,22632,"HAND WARMER RED POLKA DOT",6,"1.12.2010 09:01",1.85,17850,"United Kingdom"
536372,22633,"HAND WARMER UNION JACK",6,"1.12.2010 09:01",1.85,17850,"United Kingdom"
536373,85123A,"WHITE HANGING HEART T-LIGHT HOLDER",6,"1.12.2010 09:02",2.55,17850,"United Kingdom"
536373,71053,"WHITE METAL LANTERN",6,"1.12.2010 09:02",3.39,17850,"United Kingdom"
536373,84406B,"CREAM CUPID HEARTS COAT HANGER",8,"1.12.2010 09:02",2.75,17850,"United Kingdom"
536373,20679,"EDWARDIAN PARASOL RED",6,"1.12.2010 09:02",4.95,17850,"United Kingdom"
536373,37370,"RETRO COFFEE MUGS ASSORTED",6,"1.12.2010 09:02",1.06,17850,"United Kingdom"
536373,21871,"SAVE THE PLANET MUG",6,"1.12.2010 09:02",1.06,17850,"United Kingdom"
536373,21071,"VINTAGE BILLBOARD DRINK ME MUG",6,"1.12.2010 09:02",1.06,17850,"United Kingdom"
536373,21068,"VINTAGE BILLBOARD LOVE/HATE MUG",6,"1.12.2010 09:02",1.06,17850,"United Kingdom"
536373,82483,"WOOD 2 DRAWER CABINET WHITE FINISH",2,"1.12.2010 09:02",4.95,17850,"United Kingdom"
536373,82486,"WOOD S/3 CABINET ANT WHITE FINISH",4,"1.12.2010 09:02",6.95,17850,"United Kingdom"
536373,82482,"WOODEN PICTURE FRAME WHITE FINISH",6,"1.12.2010 09:02",2.1,17850,"United Kingdom"
536373,82494L,"WOODEN FRAME ANTIQUE WHITE ",6,"1.12.2010 09:02",2.55,17850,"United Kingdom"
536373,84029G,"KNITTED UNION FLAG HOT WATER BOTTLE",6,"1.12.2010 09:02",3.39,17850,"United Kingdom"
536373,84029E,"RED WOOLLY HOTTIE WHITE HEART.",6,"1.12.2010 09:02",3.39,17850,"United Kingdom"
536373,22752,"SET 7 BABUSHKA NESTING BOXES",2,"1.12.2010 09:02",7.65,17850,"United Kingdom"
536373,21730,"GLASS STAR FROSTED T-LIGHT HOLDER",6,"1.12.2010 09:02",4.25,17850,"United Kingdom"
536374,21258,"VICTORIAN SEWING BOX LARGE",32,"1.12.2010 09:09",10.95,15100,"United Kingdom"
536375,85123A,"WHITE HANGING HEART T-LIGHT HOLDER",6,"1.12.2010 09:32",2.55,17850,"United Kingdom"
536375,71053,"WHITE METAL LANTERN",6,"1.12.2010 09:32",3.39,17850,"United Kingdom"
536375,84406B,"CREAM CUPID HEARTS COAT HANGER",8,"1.12.2010 09:32",2.75,17850,"United Kingdom"
536375,20679,"EDWARDIAN PARASOL RED",6,"1.12.2010 09:32",4.95,17850,"United Kingdom"
536375,37370,"RETRO COFFEE MUGS ASSORTED",6,"1.12.2010 09:32",1.06,17850,"United Kingdom"
536375,21871,"SAVE THE PLANET MUG",6,"1.12.2010 09:32",1.06,17850,"United Kingdom"
536375,21071,"VINTAGE BILLBOARD DRINK ME MUG",6,"1.12.2010 09:32",1.06,17850,"United Kingdom"
536375,21068,"VINTAGE BILLBOARD LOVE/HATE MUG",6,"1.12.2010 09:32",1.06,17850,"United Kingdom"
536375,82483,"WOOD 2 DRAWER CABINET WHITE FINISH",2,"1.12.2010 09:32",4.95,17850,"United Kingdom"
536375,82486,"WOOD S/3 CABINET ANT WHITE FINISH",4,"1.12.2010 09:32",6.95,17850,"United Kingdom"
536375,82482,"WOODEN PICTURE FRAME WHITE FINISH",6,"1.12.2010 09:32",2.1,17850,"United Kingdom"
536375,82494L,"WOODEN FRAME ANTIQUE WHITE ",6,"1.12.2010 09:32",2.55,17850,"United Kingdom"
536375,84029G,"KNITTED UNION FLAG HOT WATER BOTTLE",6,"1.12.2010 09:32",3.39,17850,"United Kingdom"
536375,84029E,"RED WOOLLY HOTTIE WHITE HEART.",6,"1.12.2010 09:32",3.39,17850,"United Kingdom"
536375,22752,"SET 7 BABUSHKA NESTING BOXES",2,"1.12.2010 09:32",7.65,17850,"United Kingdom"
536375,21730,"GLASS STAR FROSTED T-LIGHT HOLDER",6,"1.12.2010 09:32",4.25,17850,"United Kingdom"
536376,22114,"HOT WATER BOTTLE TEA AND SYMPATHY",48,"1.12.2010 09:32",3.45,15291,"United Kingdom"
536376,21733,"RED HANGING HEART T-LIGHT HOLDER",64,"1.12.2010 09:32",2.55,15291,"United Kingdom"
536377,22632,"HAND WARMER RED POLKA DOT",6,"1.12.2010 09:34",1.85,17850,"United Kingdom"
536377,22633,"HAND WARMER UNION JACK",6,"1.12.2010 09:34",1.85,17850,"United Kingdom"
536378,22386,"JUMBO BAG PINK POLKADOT",10,"1.12.2010 09:37",1.95,14688,"United Kingdom"
536378,85099C,"JUMBO  BAG BAROQUE BLACK WHITE",10,"1.12.2010 09:37",1.95,14688,"United Kingdom"
536378,21033,"JUMBO BAG CHARLIE AND LOLA TOYS",10,"1.12.2010 09:37",2.95,14688,"United Kingdom"
536378,20723,"STRAWBERRY CHARLOTTE BAG",10,"1.12.2010 09:37",0.85,14688,"United Kingdom"
536378,84997B,"RED 3 PIECE RETROSPOT CUTLERY SET",12,"1.12.2010 09:37",3.75,14688,"United Kingdom"
536378,84997C,"BLUE 3 PIECE POLKADOT CUTLERY SET",6,"1.12.2010 09:37",3.75,14688,"United Kingdom"
536378,21094,"SET/6 RED SPOTTY PAPER PLATES",12,"1.12.2010 09:37",0.85,14688,"United Kingdom"
536378,20725,"LUNCH BAG RED RETROSPOT",10,"1.12.2010 09:37",1.65,14688,"United Kingdom"
536378,21559,"STRAWBERRY LUNCH BOX WITH CUTLERY",6,"1.12.2010 09:37",2.55,14688,"United Kingdom"
536378,22352,"LUNCH BOX WITH CUTLERY RETROSPOT ",6,"1.12.2010 09:37",2.55,14688,"United Kingdom"
536378,21212,"PACK OF 72 RETROSPOT CAKE CASES",120,"1.12.2010 09:37",0.42,14688,"United Kingdom"
536378,21975,"PACK OF 60 DINOSAUR CAKE CASES",24,"1.12.2010 09:37",0.55,14688,"United Kingdom"
536378,21977,"PACK OF 60 PINK PAISLEY CAKE CASES",24,"1.12.2010 09:37",0.55,14688,"United Kingdom"
536378,84991,"60 TEATIME FAIRY CAKE CASES",24,"1.12.2010 09:37",0.55,14688,"United Kingdom"
536378,84519A,"TOMATO CHARLIE+LOLA COASTER SET",6,"1.12.2010 09:37",2.95,14688,"United Kingdom"
536378,85183B,"CHARLIE & LOLA WASTEPAPER BIN FLORA",48,"1.12.2010 09:37",1.25,14688,"United Kingdom"
536378,85071B,"RED CHARLIE+LOLA PERSONAL DOORSIGN",96,"1.12.2010 09:37",0.38,14688,"United Kingdom"
536378,21931,"JUMBO STORAGE BAG SUKI",10,"1.12.2010 09:37",1.95,14688,"United Kingdom"
536378,21929,"JUMBO BAG PINK VINTAGE PAISLEY",10,"1.12.2010 09:37",1.95,14688,"United Kingdom"
536380,22961,"JAM MAKING SET PRINTED",24,"1.12.2010 09:41",1.45,17809,"United Kingdom"
536381,22139,"RETROSPOT TEA SET CERAMIC 11 PC ",23,"1.12.2010 09:41",4.25,15311,"United Kingdom"
536381,84854,"GIRLY PINK TOOL SET",5,"1.12.2010 09:41",4.95,15311,"United Kingdom"
536381,22411,"JUMBO SHOPPER VINTAGE RED PAISLEY",10,"1.12.2010 09:41",1.95,15311,"United Kingdom"
536381,82567,"AIRLINE LOUNGE,METAL SIGN",2,"1.12.2010 09:41",2.1,15311,"United Kingdom"
536381,21672,"WHITE SPOT RED CERAMIC DRAWER KNOB",6,"1.12.2010 09:41",1.25,15311,"United Kingdom"
536381,22774,"RED DRAWER KNOB ACRYLIC EDWARDIAN",24,"1.12.2010 09:41",1.25,15311,"United Kingdom"
536381,22771,"CLEAR DRAWER KNOB ACRYLIC EDWARDIAN",24,"1.12.2010 09:41",1.25,15311,"United Kingdom"
536381,71270,"PHOTO CLIP LINE",1,"1.12.2010 09:41",1.25,15311,"United Kingdom"
536381,22262,"FELT EGG COSY CHICKEN",1,"1.12.2010 09:41",0.85,15311,"United Kingdom"
536381,22637,"PIGGY BANK RETROSPOT ",1,"1.12.2010 09:41",2.55,15311,"United Kingdom"
536381,21934,"SKULL SHOULDER BAG",10,"1.12.2010 09:41",1.65,15311,"United Kingdom"
536381,21169,"YOU'RE CONFUSING ME METAL SIGN ",3,"1.12.2010 09:41",1.69,15311,"United Kingdom"
536381,21166,"COOK WITH WINE METAL SIGN ",1,"1.12.2010 09:41",1.95,15311,"United Kingdom"
536381,21175,"GIN + TONIC DIET METAL SIGN",2,"1.12.2010 09:41",2.1,15311,"United Kingdom"
536381,37444A,"YELLOW BREAKFAST CUP AND SAUCER",1,"1.12.2010 09:41",2.95,15311,"United Kingdom"
536381,37444C,"PINK BREAKFAST CUP AND SAUCER ",1,"1.12.2010 09:41",2.95,15311,"United Kingdom"
536381,22086,"PAPER CHAIN KIT 50'S CHRISTMAS ",4,"1.12.2010 09:41",2.95,15311,"United Kingdom"
536381,22083,"PAPER CHAIN KIT RETROSPOT",1,"1.12.2010 09:41",2.95,15311,"United Kingdom"
536381,84971S,"SMALL HEART FLOWERS HOOK ",6,"1.12.2010 09:41",0.85,15311,"United Kingdom"
536381,71270,"PHOTO CLIP LINE",3,"1.12.2010 09:41",1.25,15311,"United Kingdom"
536381,47580,"TEA TIME DES TEA COSY",2,"1.12.2010 09:41",2.55,15311,"United Kingdom"
536381,22261,"FELT EGG COSY WHITE RABBIT ",1,"1.12.2010 09:41",0.85,15311,"United Kingdom"
536381,84832,"ZINC WILLIE WINKIE  CANDLE STICK",1,"1.12.2010 09:41",0.85,15311,"United Kingdom"
536381,22644,"CERAMIC CHERRY CAKE MONEY BANK",1,"1.12.2010 09:41",1.45,15311,"United Kingdom"
536381,21533,"RETROSPOT LARGE MILK JUG",1,"1.12.2010 09:41",4.95,15311,"United Kingdom"
536381,21557,"SET OF 6 FUNKY BEAKERS",2,"1.12.2010 09:41",2.95,15311,"United Kingdom"
536381,15056BL,"EDWARDIAN PARASOL BLACK",2,"1.12.2010 09:41",5.95,15311,"United Kingdom"
536381,15056N,"EDWARDIAN PARASOL NATURAL",2,"1.12.2010 09:41",5.95,15311,"United Kingdom"
536381,22646,"CERAMIC STRAWBERRY CAKE MONEY BANK",4,"1.12.2010 09:41",1.45,15311,"United Kingdom"
536381,22176,"BLUE OWL SOFT TOY",1,"1.12.2010 09:41",2.95,15311,"United Kingdom"
536381,22438,"BALLOON ART MAKE YOUR OWN FLOWERS",1,"1.12.2010 09:41",1.95,15311,"United Kingdom"
536381,21731,"RED TOADSTOOL LED NIGHT LIGHT",2,"1.12.2010 09:41",1.65,15311,"United Kingdom"
536381,22778,"GLASS CLOCHE SMALL",3,"1.12.2010 09:41",3.95,15311,"United Kingdom"
536381,22719,"GUMBALL MONOCHROME COAT RACK",36,"1.12.2010 09:41",1.06,15311,"United Kingdom"
536381,21523,"DOORMAT FANCY FONT HOME SWEET HOME",10,"1.12.2010 09:41",6.75,15311,"United Kingdom"
C536379,D,Discount,-1,"1.12.2010 09:41",27.5,14527,"United Kingdom"
536382,10002,"INFLATABLE POLITICAL GLOBE ",12,"1.12.2010 09:45",0.85,16098,"United Kingdom"
536382,21912,"VINTAGE SNAKES & LADDERS",8,"1.12.2010 09:45",3.75,16098,"United Kingdom"
536382,21832,"CHOCOLATE CALCULATOR",12,"1.12.2010 09:45",1.65,16098,"United Kingdom"
536382,22411,"JUMBO SHOPPER VINTAGE RED PAISLEY",10,"1.12.2010 09:45",1.95,16098,"United Kingdom"
536382,22379,"RECYCLING BAG RETROSPOT ",10,"1.12.2010 09:45",2.1,16098,"United Kingdom"
536382,22381,"TOY TIDY PINK POLKADOT",50,"1.12.2010 09:45",1.85,16098,"United Kingdom"
536382,22798,"ANTIQUE GLASS DRESSING TABLE POT",8,"1.12.2010 09:45",2.95,16098,"United Kingdom"
536382,22726,"ALARM CLOCK BAKELIKE GREEN",4,"1.12.2010 09:45",3.75,16098,"United Kingdom"
536382,22926,"IVORY GIANT GARDEN THERMOMETER",12,"1.12.2010 09:45",5.95,16098,"United Kingdom"
536382,22839,"3 TIER CAKE TIN GREEN AND CREAM",2,"1.12.2010 09:45",14.95,16098,"United Kingdom"
536382,22838,"3 TIER CAKE TIN RED AND CREAM",2,"1.12.2010 09:45",14.95,16098,"United Kingdom"
536382,22783,"SET 3 WICKER OVAL BASKETS W LIDS",4,"1.12.2010 09:45",16.95,16098,"United Kingdom"
C536383,35004C,"SET OF 3 COLOURED  FLYING DUCKS",-1,"1.12.2010 09:49",4.65,15311,"United Kingdom"
536384,82484,"WOOD BLACK BOARD ANT WHITE FINISH",3,"1.12.2010 09:53",6.45,18074,"United Kingdom"
536384,84755,"COLOUR GLASS T-LIGHT HOLDER HANGING",48,"1.12.2010 09:53",0.65,18074,"United Kingdom"
536384,22464,"HANGING METAL HEART LANTERN",12,"1.12.2010 09:53",1.65,18074,"United Kingdom"
536384,21324,"HANGING MEDINA LANTERN SMALL",6,"1.12.2010 09:53",2.95,18074,"United Kingdom"
536384,22457,"NATURAL SLATE HEART CHALKBOARD ",12,"1.12.2010 09:53",2.95,18074,"United Kingdom"
536384,22469,"HEART OF WICKER SMALL",40,"1.12.2010 09:53",1.45,18074,"United Kingdom"
536384,22470,"HEART OF WICKER LARGE",40,"1.12.2010 09:53",2.55,18074,"United Kingdom"
536384,22224,"WHITE LOVEBIRD LANTERN",6,"1.12.2010 09:53",2.95,18074,"United Kingdom"
536384,21340,"CLASSIC METAL BIRDCAGE PLANT HOLDER",2,"1.12.2010 09:53",12.75,18074,"United Kingdom"
536384,22189,"CREAM HEART CARD HOLDER",4,"1.12.2010 09:53",3.95,18074,"United Kingdom"
536384,22427,"ENAMEL FLOWER JUG CREAM",3,"1.12.2010 09:53",5.95,18074,"United Kingdom"
536384,22428,"ENAMEL FIRE BUCKET CREAM",6,"1.12.2010 09:53",6.95,18074,"United Kingdom"
536384,22424,"ENAMEL BREAD BIN CREAM",8,"1.12.2010 09:53",10.95,18074,"United Kingdom"
536385,22783,"SET 3 WICKER OVAL BASKETS W LIDS",1,"1.12.2010 09:56",19.95,17420,"United Kingdom"
536385,22961,"JAM MAKING SET PRINTED",12,"1.12.2010 09:56",1.45,17420,"United Kingdom"
536385,22960,"JAM MAKING SET WITH JARS",6,"1.12.2010 09:56",4.25,17420,"United Kingdom"
536385,22663,"JUMBO BAG DOLLY GIRL DESIGN",10,"1.12.2010 09:56",1.95,17420,"United Kingdom"
536385,85049A,"TRADITIONAL CHRISTMAS RIBBONS",12,"1.12.2010 09:56",1.25,17420,"United Kingdom"
536385,22168,"ORGANISER WOOD ANTIQUE WHITE ",2,"1.12.2010 09:56",8.5,17420,"United Kingdom"
536385,22662,"LUNCH BAG DOLLY GIRL DESIGN",10,"1.12.2010 09:56",1.65,17420,"United Kingdom"
536386,84880,"WHITE WIRE EGG HOLDER",36,"1.12.2010 09:57",4.95,16029,"United Kingdom"
536386,85099C,"JUMBO  BAG BAROQUE BLACK WHITE",100,"1.12.2010 09:57",1.65,16029,"United Kingdom"
536386,85099B,"JUMBO BAG RED RETROSPOT",100,"1.12.2010 09:57",1.65,16029,"United Kingdom"
536387,79321,"CHILLI LIGHTS",192,"1.12.2010 09:58",3.82,16029,"United Kingdom"
536387,22780,"LIGHT GARLAND BUTTERFILES PINK",192,"1.12.2010 09:58",3.37,16029,"United Kingdom"
536387,22779,"WOODEN OWLS LIGHT GARLAND ",192,"1.12.2010 09:58",3.37,16029,"United Kingdom"
536387,22466,"FAIRY TALE COTTAGE NIGHTLIGHT",432,"1.12.2010 09:58",1.45,16029,"United Kingdom"
536387,21731,"RED TOADSTOOL LED NIGHT LIGHT",432,"1.12.2010 09:58",1.25,16029,"United Kingdom"
536388,21754,"HOME BUILDING BLOCK WORD",3,"1.12.2010 09:59",5.95,16250,"United Kingdom"
536388,21755,"LOVE BUILDING BLOCK WORD",3,"1.12.2010 09:59",5.95,16250,"United Kingdom"
536388,21523,"DOORMAT FANCY FONT HOME SWEET HOME",2,"1.12.2010 09:59",7.95,16250,"United Kingdom"
536388,21363,"HOME SMALL WOOD LETTERS",3,"1.12.2010 09:59",4.95,16250,"United Kingdom"
536388,21411,"GINGHAM HEART  DOORSTOP RED",3,"1.12.2010 09:59",4.25,16250,"United Kingdom"
536388,22318,"FIVE HEART HANGING DECORATION",6,"1.12.2010 09:59",2.95,16250,"United Kingdom"
536388,22464,"HANGING METAL HEART LANTERN",12,"1.12.2010 09:59",1.65,16250,"United Kingdom"
536388,22915,"ASSORTED BOTTLE TOP  MAGNETS ",12,"1.12.2010 09:59",0.42,16250,"United Kingdom"
536388,22922,"FRIDGE MAGNETS US DINER ASSORTED",12,"1.12.2010 09:59",0.85,16250,"United Kingdom"
536388,22969,"HOMEMADE JAM SCENTED CANDLES",12,"1.12.2010 09:59",1.45,16250,"United Kingdom"
536388,22923,"FRIDGE MAGNETS LES ENFANTS ASSORTED",12,"1.12.2010 09:59",0.85,16250,"United Kingdom"
536388,21115,"ROSE CARAVAN DOORSTOP",4,"1.12.2010 09:59",6.75,16250,"United Kingdom"
536388,22469,"HEART OF WICKER SMALL",12,"1.12.2010 09:59",1.65,16250,"United Kingdom"
536388,22242,"5 HOOK HANGER MAGIC TOADSTOOL",12,"1.12.2010 09:59",1.65,16250,"United Kingdom"
536389,22941,"CHRISTMAS LIGHTS 10 REINDEER",6,"1.12.2010 10:03",8.5,12431,Australia
536389,21622,"VINTAGE UNION JACK CUSHION COVER",8,"1.12.2010 10:03",4.95,12431,Australia
536389,21791,"VINTAGE HEADS AND TAILS CARD GAME ",12,"1.12.2010 10:03",1.25,12431,Australia
536389,35004C,"SET OF 3 COLOURED  FLYING DUCKS",6,"1.12.2010 10:03",5.45,12431,Australia
536389,35004G,"SET OF 3 GOLD FLYING DUCKS",4,"1.12.2010 10:03",6.35,12431,Australia
536389,85014B,"RED RETROSPOT UMBRELLA",6,"1.12.2010 10:03",5.95,12431,Australia
536389,85014A,"BLACK/BLUE POLKADOT UMBRELLA",3,"1.12.2010 10:03",5.95,12431,Australia
536389,22193,"RED DINER WALL CLOCK",2,"1.12.2010 10:03",8.5,12431,Australia
536389,22726,"ALARM CLOCK BAKELIKE GREEN",4,"1.12.2010 10:03",3.75,12431,Australia
536389,22727,"ALARM CLOCK BAKELIKE RED ",4,"1.12.2010 10:03",3.75,12431,Australia
536389,22192,"BLUE DINER WALL CLOCK",2,"1.12.2010 10:03",8.5,12431,Australia
536389,22191,"IVORY DINER WALL CLOCK",2,"1.12.2010 10:03",8.5,12431,Australia
536389,22195,"LARGE HEART MEASURING SPOONS",24,"1.12.2010 10:03",1.65,12431,Australia
536389,22196,"SMALL HEART MEASURING SPOONS",24,"1.12.2010 10:03",0.85,12431,Australia
536390,22941,"CHRISTMAS LIGHTS 10 REINDEER",2,"1.12.2010 10:19",8.5,17511,"United Kingdom"
536390,22960,"JAM MAKING SET WITH JARS",12,"1.12.2010 10:19",3.75,17511,"United Kingdom"
536390,22961,"JAM MAKING SET PRINTED",12,"1.12.2010 10:19",1.45,17511,"United Kingdom"
536390,22962,"JAM JAR WITH PINK LID",48,"1.12.2010 10:19",0.72,17511,"United Kingdom"
536390,22963,"JAM JAR WITH GREEN LID",48,"1.12.2010 10:19",0.72,17511,"United Kingdom"
536390,22968,"ROSE COTTAGE KEEPSAKE BOX ",8,"1.12.2010 10:19",8.5,17511,"United Kingdom"
536390,84970S,"HANGING HEART ZINC T-LIGHT HOLDER",144,"1.12.2010 10:19",0.64,17511,"United Kingdom"
536390,22910,"PAPER CHAIN KIT VINTAGE CHRISTMAS",40,"1.12.2010 10:19",2.55,17511,"United Kingdom"
536390,20668,"DISCO BALL CHRISTMAS DECORATION",288,"1.12.2010 10:19",0.1,17511,"United Kingdom"
536390,85123A,"WHITE HANGING HEART T-LIGHT HOLDER",64,"1.12.2010 10:19",2.55,17511,"United Kingdom"
536390,22197,"SMALL POPCORN HOLDER",100,"1.12.2010 10:19",0.72,17511,"United Kingdom"
536390,22198,"LARGE POPCORN HOLDER ",50,"1.12.2010 10:19",1.45,17511,"United Kingdom"
536390,21533,"RETROSPOT LARGE MILK JUG",12,"1.12.2010 10:19",4.25,17511,"United Kingdom"
536390,21080,"SET/20 RED RETROSPOT PAPER NAPKINS ",96,"1.12.2010 10:19",0.64,17511,"United Kingdom"
536390,21094,"SET/6 RED SPOTTY PAPER PLATES",96,"1.12.2010 10:19",0.64,17511,"United Kingdom"
536390,21086,"SET/6 RED SPOTTY PAPER CUPS",48,"1.12.2010 10:19",0.65,17511,"United Kingdom"
536390,21786,"POLKADOT RAIN HAT ",144,"1.12.2010 10:19",0.32,17511,"United Kingdom"
536390,22654,"DELUXE SEWING KIT ",40,"1.12.2010 10:19",4.95,17511,"United Kingdom"
536390,21485,"RETROSPOT HEART HOT WATER BOTTLE",24,"1.12.2010 10:19",4.25,17511,"United Kingdom"
536390,84029G,"KNITTED UNION FLAG HOT WATER BOTTLE",24,"1.12.2010 10:19",3.39,17511,"United Kingdom"
536390,84030E,"ENGLISH ROSE HOT WATER BOTTLE",24,"1.12.2010 10:19",3.75,17511,"United Kingdom"
536390,22174,"PHOTO CUBE",48,"1.12.2010 10:19",1.48,17511,"United Kingdom"
536390,22969,"HOMEMADE JAM SCENTED CANDLES",96,"1.12.2010 10:19",1.25,17511,"United Kingdom"
536390,85099B,"JUMBO BAG RED RETROSPOT",100,"1.12.2010 10:19",1.65,17511,"United Kingdom"
C536391,22556,"PLASTERS IN TIN CIRCUS PARADE ",-12,"1.12.2010 10:24",1.65,17548,"United Kingdom"
C536391,21984,"PACK OF 12 PINK PAISLEY TISSUES ",-24,"1.12.2010 10:24",0.29,17548,"United Kingdom"
C536391,21983,"PACK OF 12 BLUE PAISLEY TISSUES ",-24,"1.12.2010 10:24",0.29,17548,"United Kingdom"
C536391,21980,"PACK OF 12 RED RETROSPOT TISSUES ",-24,"1.12.2010 10:24",0.29,17548,"United Kingdom"
C536391,21484,"CHICK GREY HOT WATER BOTTLE",-12,"1.12.2010 10:24",3.45,17548,"United Kingdom"
C536391,22557,"PLASTERS IN TIN VINTAGE PAISLEY ",-12,"1.12.2010 10:24",1.65,17548,"United Kingdom"
C536391,22553,"PLASTERS IN TIN SKULLS",-24,"1.12.2010 10:24",1.65,17548,"United Kingdom"
536392,22150,"3 STRIPEY MICE FELTCRAFT",6,"1.12.2010 10:29",1.95,13705,"United Kingdom"
536392,22619,"SET OF 6 SOLDIER SKITTLES",4,"1.12.2010 10:29",3.75,13705,"United Kingdom"
536392,21891,"TRADITIONAL WOODEN SKIPPING ROPE",12,"1.12.2010 10:29",1.25,13705,"United Kingdom"
536392,21889,"WOODEN BOX OF DOMINOES",12,"1.12.2010 10:29",1.25,13705,"United Kingdom"
536392,22827,"RUSTIC  SEVENTEEN DRAWER SIDEBOARD",1,"1.12.2010 10:29",165,13705,"United Kingdom"
536392,22127,"PARTY CONES CARNIVAL ASSORTED",12,"1.12.2010 10:29",1.25,13705,"United Kingdom"
536392,22128,"PARTY CONES CANDY ASSORTED",12,"1.12.2010 10:29",1.25,13705,"United Kingdom"
536392,22502,"PICNIC BASKET WICKER SMALL",4,"1.12.2010 10:29",5.95,13705,"United Kingdom"
536392,84879,"ASSORTED COLOUR BIRD ORNAMENT",16,"1.12.2010 10:29",1.69,13705,"United Kingdom"
536392,22338,"STAR DECORATION PAINTED ZINC ",24,"1.12.2010 10:29",0.65,13705,"United Kingdom"
536393,22180,"RETROSPOT LAMP",8,"1.12.2010 10:37",9.95,13747,"United Kingdom"
536394,21506,"FANCY FONT BIRTHDAY CARD, ",24,"1.12.2010 10:39",0.42,13408,"United Kingdom"
536394,22633,"HAND WARMER UNION JACK",96,"1.12.2010 10:39",1.85,13408,"United Kingdom"
536394,22866,"HAND WARMER SCOTTY DOG DESIGN",96,"1.12.2010 10:39",1.85,13408,"United Kingdom"
536394,22865,"HAND WARMER OWL DESIGN",96,"1.12.2010 10:39",1.85,13408,"United Kingdom"
536394,22632,"HAND WARMER RED RETROSPOT",96,"1.12.2010 10:39",1.85,13408,"United Kingdom"
536394,21485,"RETROSPOT HEART HOT WATER BOTTLE",12,"1.12.2010 10:39",4.95,13408,"United Kingdom"
536394,22349,"DOG BOWL CHASING BALL DESIGN",12,"1.12.2010 10:39",3.75,13408,"United Kingdom"
536394,22558,"CLOTHES PEGS RETROSPOT PACK 24 ",48,"1.12.2010 10:39",1.25,13408,"United Kingdom"
536394,85152,"HAND OVER THE CHOCOLATE   SIGN ",12,"1.12.2010 10:39",2.1,13408,"United Kingdom"
536394,85123A,"WHITE HANGING HEART T-LIGHT HOLDER",32,"1.12.2010 10:39",2.55,13408,"United Kingdom"
536394,22652,"TRAVEL SEWING KIT",20,"1.12.2010 10:39",1.65,13408,"United Kingdom"
536395,22188,"BLACK HEART CARD HOLDER",8,"1.12.2010 10:47",3.95,13767,"United Kingdom"
536395,84879,"ASSORTED COLOUR BIRD ORNAMENT",32,"1.12.2010 10:47",1.69,13767,"United Kingdom"
536395,21977,"PACK OF 60 PINK PAISLEY CAKE CASES",24,"1.12.2010 10:47",0.55,13767,"United Kingdom"
536395,84991,"60 TEATIME FAIRY CAKE CASES",24,"1.12.2010 10:47",0.55,13767,"United Kingdom"
536395,21212,"PACK OF 72 RETROSPOT CAKE CASES",24,"1.12.2010 10:47",0.55,13767,"United Kingdom"
536395,21484,"CHICK GREY HOT WATER BOTTLE",8,"1.12.2010 10:47",3.45,13767,"United Kingdom"
536395,21314,"SMALL GLASS HEART TRINKET POT",8,"1.12.2010 10:47",2.1,13767,"United Kingdom"
536395,22730,"ALARM CLOCK BAKELIKE IVORY",4,"1.12.2010 10:47",3.75,13767,"United Kingdom"
536395,22727,"ALARM CLOCK BAKELIKE RED ",8,"1.12.2010 10:47",3.75,13767,"United Kingdom"
536395,22729,"ALARM CLOCK BAKELIKE ORANGE",8,"1.12.2010 10:47",3.75,13767,"United Kingdom"
536395,22726,"ALARM CLOCK BAKELIKE GREEN",8,"1.12.2010 10:47",3.75,13767,"United Kingdom"
536395,22114,"HOT WATER BOTTLE TEA AND SYMPATHY",8,"1.12.2010 10:47",3.95,13767,"United Kingdom"
536395,22867,"HAND WARMER BIRD DESIGN",48,"1.12.2010 10:47",2.1,13767,"United Kingdom"
536395,22866,"HAND WARMER SCOTTY DOG DESIGN",48,"1.12.2010 10:47",2.1,13767,"United Kingdom"
536396,85123A,"WHITE HANGING HEART T-LIGHT HOLDER",6,"1.12.2010 10:51",2.55,17850,"United Kingdom"
536396,71053,"WHITE METAL LANTERN",6,"1.12.2010 10:51",3.39,17850,"United Kingdom"
536396,84406B,"CREAM CUPID HEARTS COAT HANGER",8,"1.12.2010 10:51",2.75,17850,"United Kingdom"
536396,15056BL,"EDWARDIAN PARASOL BLACK",6,"1.12.2010 10:51",4.95,17850,"United Kingdom"
536396,20679,"EDWARDIAN PARASOL RED",6,"1.12.2010 10:51",4.95,17850,"United Kingdom"
536396,37370,"RETRO COFFEE MUGS ASSORTED",6,"1.12.2010 10:51",1.06,17850,"United Kingdom"
536396,21871,"SAVE THE PLANET MUG",6,"1.12.2010 10:51",1.06,17850,"United Kingdom"
536396,21071,"VINTAGE BILLBOARD DRINK ME MUG",6,"1.12.2010 10:51",1.06,17850,"United Kingdom"
536396,21068,"VINTAGE BILLBOARD LOVE/HATE MUG",6,"1.12.2010 10:51",1.06,17850,"United Kingdom"
536396,82483,"WOOD 2 DRAWER CABINET WHITE FINISH",2,"1.12.2010 10:51",4.95,17850,"United Kingdom"
536396,82486,"WOOD S/3 CABINET ANT WHITE FINISH",4,"1.12.2010 10:51",6.95,17850,"United Kingdom"
536396,82482,"WOODEN PICTURE FRAME WHITE FINISH",6,"1.12.2010 10:51",2.1,17850,"United Kingdom"
536396,82494L,"WOODEN FRAME ANTIQUE WHITE ",12,"1.12.2010 10:51",2.55,17850,"United Kingdom"
536396,84029G,"KNITTED UNION FLAG HOT WATER BOTTLE",6,"1.12.2010 10:51",3.39,17850,"United Kingdom"
536396,84029E,"RED WOOLLY HOTTIE WHITE HEART.",6,"1.12.2010 10:51",3.39,17850,"United Kingdom"
536396,22752,"SET 7 BABUSHKA NESTING BOXES",2,"1.12.2010 10:51",7.65,17850,"United Kingdom"
536396,22803,"IVORY EMBROIDERED QUILT ",2,"1.12.2010 10:51",35.75,17850,"United Kingdom"
536396,21730,"GLASS STAR FROSTED T-LIGHT HOLDER",6,"1.12.2010 10:51",4.25,17850,"United Kingdom"
536397,35004B,"SET OF 3 BLACK FLYING DUCKS",12,"1.12.2010 10:51",4.65,17924,"United Kingdom"
536397,35004C,"SET OF 3 COLOURED  FLYING DUCKS",48,"1.12.2010 10:51",4.65,17924,"United Kingdom"
536398,21980,"PACK OF 12 RED RETROSPOT TISSUES ",24,"1.12.2010 10:52",0.29,13448,"United Kingdom"
536398,21844,"RED RETROSPOT MUG",6,"1.12.2010 10:52",2.95,13448,"United Kingdom"
536398,22468,"BABUSHKA LIGHTS STRING OF 10",4,"1.12.2010 10:52",6.75,13448,"United Kingdom"
536398,22637,"PIGGY BANK RETROSPOT ",8,"1.12.2010 10:52",2.55,13448,"United Kingdom"
536398,22752,"SET 7 BABUSHKA NESTING BOXES",6,"1.12.2010 10:52",8.5,13448,"United Kingdom"
536398,48185,"DOORMAT FAIRY CAKE",2,"1.12.2010 10:52",7.95,13448,"United Kingdom"
536398,22632,"HAND WARMER RED RETROSPOT",12,"1.12.2010 10:52",2.1,13448,"United Kingdom"
536398,22866,"HAND WARMER SCOTTY DOG DESIGN",12,"1.12.2010 10:52",2.1,13448,"United Kingdom"
536398,22865,"HAND WARMER OWL DESIGN",12,"1.12.2010 10:52",2.1,13448,"United Kingdom"
536398,21232,"STRAWBERRY CERAMIC TRINKET BOX",12,"1.12.2010 10:52",1.25,13448,"United Kingdom"
536398,22064,"PINK DOUGHNUT TRINKET POT ",12,"1.12.2010 10:52",1.65,13448,"United Kingdom"
536398,22449,"SILK PURSE BABUSHKA PINK",6,"1.12.2010 10:52",3.35,13448,"United Kingdom"
536398,22114,"HOT WATER BOTTLE TEA AND SYMPATHY",4,"1.12.2010 10:52",3.95,13448,"United Kingdom"
536398,22835,"HOT WATER BOTTLE I AM SO POORLY",8,"1.12.2010 10:52",4.65,13448,"United Kingdom"
536398,22112,"CHOCOLATE HOT WATER BOTTLE",9,"1.12.2010 10:52",4.95,13448,"United Kingdom"
536398,21479,"WHITE SKULL HOT WATER BOTTLE ",4,"1.12.2010 10:52",3.75,13448,"United Kingdom"
536398,22111,"SCOTTIE DOG HOT WATER BOTTLE",9,"1.12.2010 10:52",4.95,13448,"United Kingdom"
536399,22632,"HAND WARMER RED POLKA DOT",6,"1.12.2010 10:52",1.85,17850,"United Kingdom"
536399,22633,"HAND WARMER UNION JACK",6,"1.12.2010 10:52",1.85,17850,"United Kingdom"
536400,22969,"HOMEMADE JAM SCENTED CANDLES",12,"1.12.2010 10:53",1.45,13448,"United Kingdom"
536401,22110,"BIRD HOUSE HOT WATER BOTTLE",1,"1.12.2010 11:21",2.55,15862,"United Kingdom"
536401,22098,"BOUDOIR SQUARE TISSUE BOX",1,"1.12.2010 11:21",1.25,15862,"United Kingdom"
536401,22100,"SKULLS SQUARE TISSUE BOX",2,"1.12.2010 11:21",1.25,15862,"United Kingdom"
536401,22766,"PHOTO FRAME CORNICE",1,"1.12.2010 11:21",2.95,15862,"United Kingdom"
536401,22451,"SILK PURSE BABUSHKA RED",1,"1.12.2010 11:21",3.35,15862,"United Kingdom"
536401,22549,"PICTURE DOMINOES",1,"1.12.2010 11:21",1.45,15862,"United Kingdom"
536401,84744,"S/6 SEW ON CROCHET FLOWERS",1,"1.12.2010 11:21",1.25,15862,"United Kingdom"
536401,85049E,"SCANDINAVIAN REDS RIBBONS",2,"1.12.2010 11:21",1.25,15862,"United Kingdom"
536401,21328,"BALLOONS  WRITING SET ",1,"1.12.2010 11:21",1.65,15862,"United Kingdom"
536401,22961,"JAM MAKING SET PRINTED",4,"1.12.2010 11:21",1.45,15862,"United Kingdom"
536401,17091A,"LAVENDER INCENSE IN TIN",1,"1.12.2010 11:21",1.25,15862,"United Kingdom"
536401,22473,"TV DINNER TRAY VINTAGE PAISLEY",1,"1.12.2010 11:21",4.95,15862,"United Kingdom"
536401,84509A,"SET OF 4 ENGLISH ROSE PLACEMATS",2,"1.12.2010 11:21",3.75,15862,"United Kingdom"
536401,84510A,"SET OF 4 ENGLISH ROSE COASTERS",2,"1.12.2010 11:21",1.25,15862,"United Kingdom"
536401,22767,"TRIPLE PHOTO FRAME CORNICE ",2,"1.12.2010 11:21",9.95,15862,"United Kingdom"
536401,22768,"FAMILY PHOTO FRAME CORNICE",1,"1.12.2010 11:21",9.95,15862,"United Kingdom"
536401,21463,"MIRRORED DISCO BALL ",1,"1.12.2010 11:21",5.95,15862,"United Kingdom"
536401,21464,"DISCO BALL ROTATOR BATTERY OPERATED",1,"1.12.2010 11:21",4.25,15862,"United Kingdom"
536401,20820,"SILVER LOOKING MIRROR",3,"1.12.2010 11:21",4.95,15862,"United Kingdom"
536401,85150,"LADIES & GENTLEMEN METAL SIGN",1,"1.12.2010 11:21",2.55,15862,"United Kingdom"
536401,22117,"METAL SIGN HER DINNER IS SERVED ",1,"1.12.2010 11:21",2.95,15862,"United Kingdom"
536401,21169,"YOU'RE CONFUSING ME METAL SIGN ",2,"1.12.2010 11:21",1.69,15862,"United Kingdom"
536401,48129,"DOORMAT TOPIARY",1,"1.12.2010 11:21",7.95,15862,"United Kingdom"
536401,82580,"BATHROOM METAL SIGN",1,"1.12.2010 11:21",0.55,15862,"United Kingdom"
536401,82578,"KITCHEN METAL SIGN",1,"1.12.2010 11:21",0.55,15862,"United Kingdom"
536401,82581,"TOILET METAL SIGN",2,"1.12.2010 11:21",0.55,15862,"United Kingdom"
536401,22413,"METAL SIGN TAKE IT OR LEAVE IT ",4,"1.12.2010 11:21",2.95,15862,"United Kingdom"
536401,21907,"I'M ON HOLIDAY METAL SIGN",2,"1.12.2010 11:21",2.1,15862,"United Kingdom"
536401,22441,"GROW YOUR OWN BASIL IN ENAMEL MUG",1,"1.12.2010 11:21",2.1,15862,"United Kingdom"
536401,21122,"SET/10 PINK POLKADOT PARTY CANDLES",1,"1.12.2010 11:21",1.25,15862,"United Kingdom"
536401,22851,"SET 20 NAPKINS FAIRY CAKES DESIGN ",1,"1.12.2010 11:21",0.85,15862,"United Kingdom"
536401,84991,"60 TEATIME FAIRY CAKE CASES",3,"1.12.2010 11:21",0.55,15862,"United Kingdom"
536401,22810,"SET OF 6 T-LIGHTS SNOWMEN",1,"1.12.2010 11:21",2.95,15862,"United Kingdom"
536401,22809,"SET OF 6 T-LIGHTS SANTA",1,"1.12.2010 11:21",2.95,15862,"United Kingdom"
536401,22435,"SET OF 9 HEART SHAPED BALLOONS",2,"1.12.2010 11:21",1.25,15862,"United Kingdom"
536401,20966,"SANDWICH BATH SPONGE",3,"1.12.2010 11:21",1.25,15862,"United Kingdom"
536401,20963,"APPLE BATH SPONGE",1,"1.12.2010 11:21",1.25,15862,"United Kingdom"
536401,20961,"STRAWBERRY BATH SPONGE ",1,"1.12.2010 11:21",1.25,15862,"United Kingdom"
536401,22068,"BLACK PIRATE TREASURE CHEST",2,"1.12.2010 11:21",1.65,15862,"United Kingdom"
536401,21743,"STAR PORTABLE TABLE LIGHT ",2,"1.12.2010 11:21",2.95,15862,"United Kingdom"
536401,21744,"SNOWFLAKE PORTABLE TABLE LIGHT ",2,"1.12.2010 11:21",2.95,15862,"United Kingdom"
536401,84709B,"PINK OVAL JEWELLED MIRROR",1,"1.12.2010 11:21",5.95,15862,"United Kingdom"
536401,21592,"RETROSPOT CIGAR BOX MATCHES ",1,"1.12.2010 11:21",1.25,15862,"United Kingdom"
536401,21587,"COSY HOUR GIANT TUBE MATCHES",2,"1.12.2010 11:21",2.55,15862,"United Kingdom"
536401,20992,"JAZZ HEARTS PURSE NOTEBOOK",9,"1.12.2010 11:21",0.85,15862,"United Kingdom"
536401,22662,"LUNCH BAG DOLLY GIRL DESIGN",1,"1.12.2010 11:21",1.65,15862,"United Kingdom"
536401,85123A,"WHITE HANGING HEART T-LIGHT HOLDER",4,"1.12.2010 11:21",2.95,15862,"United Kingdom"
536401,22804,"CANDLEHOLDER PINK HANGING HEART",3,"1.12.2010 11:21",2.95,15862,"United Kingdom"
536401,82483,"WOOD 2 DRAWER CABINET WHITE FINISH",1,"1.12.2010 11:21",5.95,15862,"United Kingdom"
536401,20749,"ASSORTED COLOUR MINI CASES",1,"1.12.2010 11:21",7.95,15862,"United Kingdom"
536401,20725,"LUNCH BAG RED RETROSPOT",1,"1.12.2010 11:21",1.65,15862,"United Kingdom"
536401,22382,"LUNCH BAG SPACEBOY DESIGN ",2,"1.12.2010 11:21",1.65,15862,"United Kingdom"
536401,20726,"LUNCH BAG WOODLAND",1,"1.12.2010 11:21",1.65,15862,"United Kingdom"
536401,22384,"LUNCH BAG PINK POLKADOT",1,"1.12.2010 11:21",1.65,15862,"United Kingdom"
536401,22467,"GUMBALL COAT RACK",5,"1.12.2010 11:21",2.55,15862,"United Kingdom"
536401,84625C,"BLUE NEW BAROQUE CANDLESTICK CANDLE",3,"1.12.2010 11:21",2.95,15862,"United Kingdom"
536401,84625A,"PINK NEW BAROQUECANDLESTICK CANDLE",3,"1.12.2010 11:21",2.95,15862,"United Kingdom"
536401,21108,"FAIRY CAKE FLANNEL ASSORTED COLOUR",9,"1.12.2010 11:21",2.55,15862,"United Kingdom"
536401,22848,"BREAD BIN DINER STYLE PINK",1,"1.12.2010 11:21",16.95,15862,"United Kingdom"
536401,21033,"JUMBO BAG CHARLIE AND LOLA TOYS",4,"1.12.2010 11:21",2.95,15862,"United Kingdom"
536401,47570B,"TEA TIME TABLE CLOTH",1,"1.12.2010 11:21",10.65,15862,"United Kingdom"
536401,84030E,"ENGLISH ROSE HOT WATER BOTTLE",1,"1.12.2010 11:21",4.25,15862,"United Kingdom"
536401,22428,"ENAMEL FIRE BUCKET CREAM",2,"1.12.2010 11:21",6.95,15862,"United Kingdom"
536401,22502,"PICNIC BASKET WICKER SMALL",2,"1.12.2010 11:21",5.95,15862,"United Kingdom"
536402,22086,"PAPER CHAIN KIT 50'S CHRISTMAS ",40,"1.12.2010 11:22",2.55,15513,"United Kingdom"
536402,22910,"PAPER CHAIN KIT VINTAGE CHRISTMAS",40,"1.12.2010 11:22",2.55,15513,"United Kingdom"
536402,22837,"HOT WATER BOTTLE BABUSHKA ",36,"1.12.2010 11:22",4.25,15513,"United Kingdom"
536403,22867,"HAND WARMER BIRD DESIGN",96,"1.12.2010 11:27",1.85,12791,Netherlands
536403,POST,POSTAGE,1,"1.12.2010 11:27",15,12791,Netherlands
536404,22297,"HEART IVORY TRELLIS SMALL",24,"1.12.2010 11:29",1.25,16218,"United Kingdom"
536404,22771,"CLEAR DRAWER KNOB ACRYLIC EDWARDIAN",12,"1.12.2010 11:29",1.25,16218,"United Kingdom"
536404,22772,"PINK DRAWER KNOB ACRYLIC EDWARDIAN",12,"1.12.2010 11:29",1.25,16218,"United Kingdom"
536404,22773,"GREEN DRAWER KNOB ACRYLIC EDWARDIAN",12,"1.12.2010 11:29",1.25,16218,"United Kingdom"
536404,22805,"BLUE DRAWER KNOB ACRYLIC EDWARDIAN",12,"1.12.2010 11:29",1.25,16218,"United Kingdom"
536404,22469,"HEART OF WICKER SMALL",12,"1.12.2010 11:29",1.65,16218,"United Kingdom"
536404,22197,"SMALL POPCORN HOLDER",36,"1.12.2010 11:29",0.85,16218,"United Kingdom"
536404,21125,"SET 6 FOOTBALL CELEBRATION CANDLES",12,"1.12.2010 11:29",1.25,16218,"United Kingdom"
536404,21126,"SET OF 6 GIRLS CELEBRATION CANDLES",12,"1.12.2010 11:29",1.25,16218,"United Kingdom"
536404,85049C,"ROMANTIC PINKS RIBBONS ",12,"1.12.2010 11:29",1.25,16218,"United Kingdom"
536404,85049D,"BRIGHT BLUES RIBBONS ",12,"1.12.2010 11:29",1.25,16218,"United Kingdom"
536404,85049E,"SCANDINAVIAN REDS RIBBONS",12,"1.12.2010 11:29",1.25,16218,"United Kingdom"
536404,85049G,"CHOCOLATE BOX RIBBONS ",12,"1.12.2010 11:29",1.25,16218,"United Kingdom"
536404,21061,"PARTY INVITES FOOTBALL",12,"1.12.2010 11:29",0.85,16218,"United Kingdom"
536404,21063,"PARTY INVITES JAZZ HEARTS",12,"1.12.2010 11:29",0.85,16218,"United Kingdom"
536404,21062,"PARTY INVITES SPACEMAN",12,"1.12.2010 11:29",0.85,16218,"United Kingdom"
536404,84380,"SET OF 3 BUTTERFLY COOKIE CUTTERS",12,"1.12.2010 11:29",1.25,16218,"United Kingdom"
536404,84378,"SET OF 3 HEART COOKIE CUTTERS",12,"1.12.2010 11:29",1.25,16218,"United Kingdom"
536404,22964,"3 PIECE SPACEBOY COOKIE CUTTER SET",12,"1.12.2010 11:29",2.1,16218,"United Kingdom"
536404,21213,"PACK OF 72 SKULL CAKE CASES",24,"1.12.2010 11:29",0.55,16218,"United Kingdom"
536404,22417,"PACK OF 60 SPACEBOY CAKE CASES",24,"1.12.2010 11:29",0.55,16218,"United Kingdom"
536404,21212,"PACK OF 72 RETROSPOT CAKE CASES",24,"1.12.2010 11:29",0.55,16218,"United Kingdom"
536404,84992,"72 SWEETHEART FAIRY CAKE CASES",24,"1.12.2010 11:29",0.55,16218,"United Kingdom"
536404,21975,"PACK OF 60 DINOSAUR CAKE CASES",24,"1.12.2010 11:29",0.55,16218,"United Kingdom"
536404,22383,"LUNCH BAG SUKI  DESIGN ",10,"1.12.2010 11:29",1.65,16218,"United Kingdom"
536404,20728,"LUNCH BAG CARS BLUE",10,"1.12.2010 11:29",1.65,16218,"United Kingdom"
536404,20727,"LUNCH BAG  BLACK SKULL.",10,"1.12.2010 11:29",1.65,16218,"United Kingdom"
536404,22296,"HEART IVORY TRELLIS LARGE",24,"1.12.2010 11:29",1.65,16218,"United Kingdom"
536405,20914,"SET/5 RED RETROSPOT LID GLASS BOWLS",128,"1.12.2010 11:32",2.55,14045,"United Kingdom"
536406,85123A,"WHITE HANGING HEART T-LIGHT HOLDER",8,"1.12.2010 11:33",2.55,17850,"United Kingdom"
536406,71053,"WHITE METAL LANTERN",8,"1.12.2010 11:33",3.39,17850,"United Kingdom"
536406,84406B,"CREAM CUPID HEARTS COAT HANGER",8,"1.12.2010 11:33",2.75,17850,"United Kingdom"
536406,20679,"EDWARDIAN PARASOL RED",6,"1.12.2010 11:33",4.95,17850,"United Kingdom"
536406,37370,"RETRO COFFEE MUGS ASSORTED",6,"1.12.2010 11:33",1.06,17850,"United Kingdom"
536406,21871,"SAVE THE PLANET MUG",6,"1.12.2010 11:33",1.06,17850,"United Kingdom"
536406,21071,"VINTAGE BILLBOARD DRINK ME MUG",6,"1.12.2010 11:33",1.06,17850,"United Kingdom"
536406,21068,"VINTAGE BILLBOARD LOVE/HATE MUG",6,"1.12.2010 11:33",1.06,17850,"United Kingdom"
536406,82483,"WOOD 2 DRAWER CABINET WHITE FINISH",4,"1.12.2010 11:33",4.95,17850,"United Kingdom"
536406,82486,"WOOD S/3 CABINET ANT WHITE FINISH",4,"1.12.2010 11:33",6.95,17850,"United Kingdom"
536406,82482,"WOODEN PICTURE FRAME WHITE FINISH",6,"1.12.2010 11:33",2.1,17850,"United Kingdom"
536406,82494L,"WOODEN FRAME ANTIQUE WHITE ",6,"1.12.2010 11:33",2.55,17850,"United Kingdom"
536406,84029G,"KNITTED UNION FLAG HOT WATER BOTTLE",6,"1.12.2010 11:33",3.39,17850,"United Kingdom"
536406,84029E,"RED WOOLLY HOTTIE WHITE HEART.",6,"1.12.2010 11:33",3.39,17850,"United Kingdom"
536406,22752,"SET 7 BABUSHKA NESTING BOXES",2,"1.12.2010 11:33",7.65,17850,"United Kingdom"
536406,22803,"IVORY EMBROIDERED QUILT ",2,"1.12.2010 11:33",35.75,17850,"United Kingdom"
536406,21730,"GLASS STAR FROSTED T-LIGHT HOLDER",6,"1.12.2010 11:33",4.25,17850,"United Kingdom"
536407,22632,"HAND WARMER RED POLKA DOT",6,"1.12.2010 11:34",1.85,17850,"United Kingdom"
536407,22633,"HAND WARMER UNION JACK",6,"1.12.2010 11:34",1.85,17850,"United Kingdom"
536408,22537,"MAGIC DRAWING SLATE DINOSAUR",24,"1.12.2010 11:41",0.42,14307,"United Kingdom"
536408,22533,"MAGIC DRAWING SLATE BAKE A CAKE ",24,"1.12.2010 11:41",0.42,14307,"United Kingdom"
536408,20982,"12 PENCILS TALL TUBE SKULLS",12,"1.12.2010 11:41",0.85,14307,"United Kingdom"
536408,21832,"CHOCOLATE CALCULATOR",12,"1.12.2010 11:41",1.65,14307,"United Kingdom"
536408,21915,"RED  HARMONICA IN BOX ",12,"1.12.2010 11:41",1.25,14307,"United Kingdom"
536408,21914,"BLUE HARMONICA IN BOX ",12,"1.12.2010 11:41",1.25,14307,"United Kingdom"
536408,21544,"SKULLS  WATER TRANSFER TATTOOS ",12,"1.12.2010 11:41",0.85,14307,"United Kingdom"
536408,22813,"PACK 3 BOXES BIRD PANNETONE ",12,"1.12.2010 11:41",1.95,14307,"United Kingdom"
536408,22114,"HOT WATER BOTTLE TEA AND SYMPATHY",4,"1.12.2010 11:41",3.95,14307,"United Kingdom"
536408,84029E,"RED WOOLLY HOTTIE WHITE HEART.",4,"1.12.2010 11:41",3.75,14307,"United Kingdom"
536408,21479,"WHITE SKULL HOT WATER BOTTLE ",4,"1.12.2010 11:41",3.75,14307,"United Kingdom"
536408,22964,"3 PIECE SPACEBOY COOKIE CUTTER SET",6,"1.12.2010 11:41",2.1,14307,"United Kingdom"
536408,84375,"SET OF 20 KIDS COOKIE CUTTERS",12,"1.12.2010 11:41",2.1,14307,"United Kingdom"
536408,22418,"10 COLOUR SPACEBOY PEN",24,"1.12.2010 11:41",0.85,14307,"United Kingdom"
536408,22178,"VICTORIAN GLASS HANGING T-LIGHT",12,"1.12.2010 11:41",1.25,14307,"United Kingdom"
536408,84970L,"SINGLE HEART ZINC T-LIGHT HOLDER",12,"1.12.2010 11:41",0.95,14307,"United Kingdom"
536408,21733,"RED HANGING HEART T-LIGHT HOLDER",6,"1.12.2010 11:41",2.95,14307,"United Kingdom"
536408,22465,"HANGING METAL STAR LANTERN",12,"1.12.2010 11:41",1.65,14307,"United Kingdom"
536408,84949,"SILVER HANGING T-LIGHT HOLDER",6,"1.12.2010 11:41",1.65,14307,"United Kingdom"
536408,20685,"DOORMAT RED RETROSPOT",2,"1.12.2010 11:41",7.95,14307,"United Kingdom"
536408,48194,"DOORMAT HEARTS",2,"1.12.2010 11:41",7.95,14307,"United Kingdom"
536408,22488,"NATURAL SLATE RECTANGLE CHALKBOARD",12,"1.12.2010 11:41",1.65,14307,"United Kingdom"
536408,22219,"LOVEBIRD HANGING DECORATION WHITE ",12,"1.12.2010 11:41",0.85,14307,"United Kingdom"
536408,84879,"ASSORTED COLOUR BIRD ORNAMENT",8,"1.12.2010 11:41",1.69,14307,"United Kingdom"
536408,21754,"HOME BUILDING BLOCK WORD",3,"1.12.2010 11:41",5.95,14307,"United Kingdom"
536408,21755,"LOVE BUILDING BLOCK WORD",3,"1.12.2010 11:41",5.95,14307,"United Kingdom"
536408,22766,"PHOTO FRAME CORNICE",8,"1.12.2010 11:41",2.95,14307,"United Kingdom"
536408,22610,"PENS ASSORTED FUNNY FACE",36,"1.12.2010 11:41",0.85,14307,"United Kingdom"
536408,22716,"CARD CIRCUS PARADE",12,"1.12.2010 11:41",0.42,14307,"United Kingdom"
536408,22706,"WRAP COWBOYS  ",25,"1.12.2010 11:41",0.42,14307,"United Kingdom"
536408,22371,"AIRLINE BAG VINTAGE TOKYO 78",4,"1.12.2010 11:41",4.25,14307,"United Kingdom"
536408,85014B,"RED RETROSPOT UMBRELLA",3,"1.12.2010 11:41",5.95,14307,"United Kingdom"
536408,85014A,"BLACK/BLUE POLKADOT UMBRELLA",3,"1.12.2010 11:41",5.95,14307,"United Kingdom"
536408,84997B,"RED 3 PIECE RETROSPOT CUTLERY SET",6,"1.12.2010 11:41",3.75,14307,"United Kingdom"
536408,21212,"PACK OF 72 RETROSPOT CAKE CASES",24,"1.12.2010 11:41",0.55,14307,"United Kingdom"
536408,21210,"SET OF 72 RETROSPOT PAPER  DOILIES",12,"1.12.2010 11:41",1.45,14307,"United Kingdom"
536408,22914,"BLUE COAT RACK PARIS FASHION",3,"1.12.2010 11:41",4.95,14307,"United Kingdom"
536408,22553,"PLASTERS IN TIN SKULLS",12,"1.12.2010 11:41",1.65,14307,"United Kingdom"
536408,16237,"SLEEPING CAT ERASERS",30,"1.12.2010 11:41",0.21,14307,"United Kingdom"
536408,22714,"CARD BIRTHDAY COWBOY",12,"1.12.2010 11:41",0.42,14307,"United Kingdom"
536408,22812,"PACK 3 BOXES CHRISTMAS PANNETONE",12,"1.12.2010 11:41",1.95,14307,"United Kingdom"
536408,84347,"ROTATING SILVER ANGELS T-LIGHT HLDR",6,"1.12.2010 11:41",2.55,14307,"United Kingdom"
536408,21587,"COSY HOUR GIANT TUBE MATCHES",12,"1.12.2010 11:41",2.55,14307,"United Kingdom"
536408,22736,"RIBBON REEL MAKING SNOWMEN ",10,"1.12.2010 11:41",1.65,14307,"United Kingdom"
536408,22492,"MINI PAINT SET VINTAGE ",36,"1.12.2010 11:41",0.65,14307,"United Kingdom"
536408,22620,"4 TRADITIONAL SPINNING TOPS",12,"1.12.2010 11:41",1.25,14307,"United Kingdom"
536408,22619,"SET OF 6 SOLDIER SKITTLES",4,"1.12.2010 11:41",3.75,14307,"United Kingdom"
536408,21705,"BAG 500g SWIRLY MARBLES",12,"1.12.2010 11:41",1.65,14307,"United Kingdom"
536409,90199C,"5 STRAND GLASS NECKLACE CRYSTAL",3,"1.12.2010 11:45",6.35,17908,"United Kingdom"
536409,21479,"WHITE SKULL HOT WATER BOTTLE ",1,"1.12.2010 11:45",3.75,17908,"United Kingdom"
536409,22111,"SCOTTIE DOG HOT WATER BOTTLE",1,"1.12.2010 11:45",4.95,17908,"United Kingdom"
536409,22785,"SQUARECUSHION COVER PINK UNION FLAG",1,"1.12.2010 11:45",6.75,17908,"United Kingdom"
536409,22975,"SPACEBOY CHILDRENS EGG CUP",1,"1.12.2010 11:45",1.25,17908,"United Kingdom"
536409,22972,"CHILDREN'S SPACEBOY MUG",1,"1.12.2010 11:45",1.65,17908,"United Kingdom"
536409,22866,"HAND WARMER SCOTTY DOG DESIGN",1,"1.12.2010 11:45",2.1,17908,"United Kingdom"
536409,22568,"FELTCRAFT CUSHION OWL",1,"1.12.2010 11:45",3.75,17908,"United Kingdom"
536409,85116,"BLACK CANDELABRA T-LIGHT HOLDER",1,"1.12.2010 11:45",2.1,17908,"United Kingdom"
536409,22664,"TOY TIDY DOLLY GIRL DESIGN",1,"1.12.2010 11:45",2.1,17908,"United Kingdom"
536409,21609,"SET 12 LAVENDER  BOTANICAL T-LIGHTS",1,"1.12.2010 11:45",2.95,17908,"United Kingdom"
536409,21866,"UNION JACK FLAG LUGGAGE TAG",1,"1.12.2010 11:45",1.25,17908,"United Kingdom"
536409,20669,"RED HEART LUGGAGE TAG",1,"1.12.2010 11:45",1.25,17908,"United Kingdom"
536409,90129F,"RED GLASS TASSLE BAG CHARM",1,"1.12.2010 11:45",2.95,17908,"United Kingdom"
536409,90210B,"CLEAR ACRYLIC FACETED BANGLE",1,"1.12.2010 11:45",2.95,17908,"United Kingdom"
536409,90199C,"5 STRAND GLASS NECKLACE CRYSTAL",1,"1.12.2010 11:45",6.35,17908,"United Kingdom"
536409,21955,"DOORMAT UNION JACK GUNS AND ROSES",1,"1.12.2010 11:45",7.95,17908,"United Kingdom"
536409,72802C,"VANILLA SCENT CANDLE JEWELLED BOX",1,"1.12.2010 11:45",4.25,17908,"United Kingdom"
536409,22109,"FULL ENGLISH BREAKFAST PLATE",1,"1.12.2010 11:45",3.75,17908,"United Kingdom"
536409,85116,"BLACK CANDELABRA T-LIGHT HOLDER",5,"1.12.2010 11:45",2.1,17908,"United Kingdom"
536409,22531,"MAGIC DRAWING SLATE CIRCUS PARADE  ",1,"1.12.2010 11:45",0.42,17908,"United Kingdom"
536409,21811,"CHRISTMAS HANGING HEART WITH BELL",1,"1.12.2010 11:45",1.25,17908,"United Kingdom"
536409,22183,"CAKE STAND VICTORIAN FILIGREE MED",1,"1.12.2010 11:45",6.75,17908,"United Kingdom"
536409,21678,"PAISLEY PATTERN  STICKERS",6,"1.12.2010 11:45",0.85,17908,"United Kingdom"
536409,21676,"FLOWERS  STICKERS",6,"1.12.2010 11:45",0.85,17908,"United Kingdom"
536409,84625A,"PINK NEW BAROQUECANDLESTICK CANDLE",1,"1.12.2010 11:45",2.95,17908,"United Kingdom"
536409,84625C,"BLUE NEW BAROQUE CANDLESTICK CANDLE",3,"1.12.2010 11:45",2.95,17908,"United Kingdom"
536409,21931,"JUMBO STORAGE BAG SUKI",2,"1.12.2010 11:45",1.95,17908,"United Kingdom"
536409,21866,"UNION JACK FLAG LUGGAGE TAG",1,"1.12.2010 11:45",1.25,17908,"United Kingdom"
536409,22900," SET 2 TEA TOWELS I LOVE LONDON ",1,"1.12.2010 11:45",2.95,17908,"United Kingdom"
536409,22866,"HAND WARMER SCOTTY DOG DESIGN",1,"1.12.2010 11:45",2.1,17908,"United Kingdom"
536409,22900," SET 2 TEA TOWELS I LOVE LONDON ",1,"1.12.2010 11:45",2.95,17908,"United Kingdom"
536409,22111,"SCOTTIE DOG HOT WATER BOTTLE",1,"1.12.2010 11:45",4.95,17908,"United Kingdom"
536412,22327,"ROUND SNACK BOXES SET OF 4 SKULLS",1,"1.12.2010 11:49",2.95,17920,"United Kingdom"
536412,22327,"ROUND SNACK BOXES SET OF 4 SKULLS",1,"1.12.2010 11:49",2.95,17920,"United Kingdom"
536412,22273,"FELTCRAFT DOLL MOLLY",1,"1.12.2010 11:49",2.95,17920,"United Kingdom"
536412,21448,"12 DAISY PEGS IN WOOD BOX",2,"1.12.2010 11:49",1.65,17920,"United Kingdom"
536412,22749,"FELTCRAFT PRINCESS CHARLOTTE DOLL",1,"1.12.2010 11:49",3.75,17920,"United Kingdom"
536412,22141,"CHRISTMAS CRAFT TREE TOP ANGEL",1,"1.12.2010 11:49",2.1,17920,"United Kingdom"
536412,21448,"12 DAISY PEGS IN WOOD BOX",1,"1.12.2010 11:49",1.65,17920,"United Kingdom"
536412,22273,"FELTCRAFT DOLL MOLLY",1,"1.12.2010 11:49",2.95,17920,"United Kingdom"
536412,22749,"FELTCRAFT PRINCESS CHARLOTTE DOLL",1,"1.12.2010 11:49",3.75,17920,"United Kingdom"
536412,22141,"CHRISTMAS CRAFT TREE TOP ANGEL",1,"1.12.2010 11:49",2.1,17920,"United Kingdom"
536412,22569,"FELTCRAFT CUSHION BUTTERFLY",2,"1.12.2010 11:49",3.75,17920,"United Kingdom"
536412,21448,"12 DAISY PEGS IN WOOD BOX",1,"1.12.2010 11:49",1.65,17920,"United Kingdom"
536412,22569,"FELTCRAFT CUSHION BUTTERFLY",2,"1.12.2010 11:49",3.75,17920,"United Kingdom"
536412,21448,"12 DAISY PEGS IN WOOD BOX",2,"1.12.2010 11:49",1.65,17920,"United Kingdom"
536412,22902,"TOTE BAG I LOVE LONDON",7,"1.12.2010 11:49",2.1,17920,"United Kingdom"
536412,21448,"12 DAISY PEGS IN WOOD BOX",2,"1.12.2010 11:49",1.65,17920,"United Kingdom"
536412,22902,"TOTE BAG I LOVE LONDON",7,"1.12.2010 11:49",2.1,17920,"United Kingdom"
536412,21708,"FOLDING UMBRELLA CREAM POLKADOT",1,"1.12.2010 11:49",4.95,17920,"United Kingdom"
536412,22900," SET 2 TEA TOWELS I LOVE LONDON ",2,"1.12.2010 11:49",2.95,17920,"United Kingdom"
536412,21706,"FOLDING UMBRELLA RED/WHITE POLKADOT",1,"1.12.2010 11:49",4.95,17920,"United Kingdom"
536412,85184C,"S/4 VALENTINE DECOUPAGE HEART BOX",1,"1.12.2010 11:49",2.95,17920,"United Kingdom"
536412,21708,"FOLDING UMBRELLA CREAM POLKADOT",1,"1.12.2010 11:49",4.95,17920,"United Kingdom"
536412,22900," SET 2 TEA TOWELS I LOVE LONDON ",2,"1.12.2010 11:49",2.95,17920,"United Kingdom"
536412,21706,"FOLDING UMBRELLA RED/WHITE POLKADOT",1,"1.12.2010 11:49",4.95,17920,"United Kingdom"
536412,85184C,"S/4 VALENTINE DECOUPAGE HEART BOX",1,"1.12.2010 11:49",2.95,17920,"United Kingdom"
536414,22139,,56,"1.12.2010 11:52",0,,"United Kingdom"
536446,21651,"HANGING GLASS ETCHED TEALIGHT",6,"1.12.2010 12:15",1.65,15983,"United Kingdom"
536446,21651,"HANGING GLASS ETCHED TEALIGHT",6,"1.12.2010 12:15",1.65,15983,"United Kingdom"
536464,21992,"VINTAGE PAISLEY STATIONERY SET",1,"1.12.2010 12:23",2.95,17968,"United Kingdom"
536464,22945,"CHRISTMAS METAL TAGS ASSORTED ",6,"1.12.2010 12:23",0.85,17968,"United Kingdom"
536464,22866,"HAND WARMER SCOTTY DOG DESIGN",1,"1.12.2010 12:23",2.1,17968,"United Kingdom"
536464,22866,"HAND WARMER SCOTTY DOG DESIGN",1,"1.12.2010 12:23",2.1,17968,"United Kingdom"
536464,22945,"CHRISTMAS METAL TAGS ASSORTED ",6,"1.12.2010 12:23",0.85,17968,"United Kingdom"
536464,21992,"VINTAGE PAISLEY STATIONERY SET",1,"1.12.2010 12:23",2.95,17968,"United Kingdom"
536464,22866,"HAND WARMER SCOTTY DOG DESIGN",1,"1.12.2010 12:23",2.1,17968,"United Kingdom"
536488,84347,"ROTATING SILVER ANGELS T-LIGHT HLDR",1,"1.12.2010 12:31",2.55,17897,"United Kingdom"
536488,84347,"ROTATING SILVER ANGELS T-LIGHT HLDR",1,"1.12.2010 12:31",2.55,17897,"United Kingdom"
C536506,22960,"JAM MAKING SET WITH JARS",-6,"1.12.2010 12:38",4.25,17897,"United Kingdom"
536522,21121,"SET/10 RED POLKADOT PARTY CANDLES",1,"1.12.2010 12:49",1.25,15012,"United Kingdom"
536522,21121,"SET/10 RED POLKADOT PARTY CANDLES",1,"1.12.2010 12:49",1.25,15012,"United Kingdom"
536522,21122,"SET/10 PINK POLKADOT PARTY CANDLES",1,"1.12.2010 12:49",1.25,15012,"United Kingdom"
536522,21122,"SET/10 PINK POLKADOT PARTY CANDLES",1,"1.12.2010 12:49",1.25,15012,"United Kingdom"
536527,POST,POSTAGE,1,"1.12.2010 13:04",18,12662,Germany
536528,22865,"HAND WARMER OWL DESIGN",1,"1.12.2010 13:17",2.1,15525,"United Kingdom"
536528,84985A,"SET OF 72 GREEN PAPER DOILIES",1,"1.12.2010 13:17",1.45,15525,"United Kingdom"
536528,22865,"HAND WARMER OWL DESIGN",1,"1.12.2010 13:17",2.1,15525,"United Kingdom"
536528,84985A,"SET OF 72 GREEN PAPER DOILIES",1,"1.12.2010 13:17",1.45,15525,"United Kingdom"
536540,C2,CARRIAGE,1,"1.12.2010 14:05",50,14911,EIRE
C536543,22632,"HAND WARMER RED RETROSPOT",-1,"1.12.2010 14:30",2.1,17841,"United Kingdom"
C536543,22355,"CHARLOTTE BAG SUKI DESIGN",-2,"1.12.2010 14:30",0.85,17841,"United Kingdom"
536544,21773,"DECORATIVE ROSE BATHROOM BOTTLE",1,"1.12.2010 14:32",2.51,,"United Kingdom"
536544,21774,"DECORATIVE CATS BATHROOM BOTTLE",2,"1.12.2010 14:32",2.51,,"United Kingdom"
536544,21786,"POLKADOT RAIN HAT ",4,"1.12.2010 14:32",0.85,,"United Kingdom"
536544,21787,"RAIN PONCHO RETROSPOT",2,"1.12.2010 14:32",1.66,,"United Kingdom"
536544,21790,"VINTAGE SNAP CARDS",9,"1.12.2010 14:32",1.66,,"United Kingdom"
536544,21791,"VINTAGE HEADS AND TAILS CARD GAME ",2,"1.12.2010 14:32",2.51,,"United Kingdom"
536544,21801,"CHRISTMAS TREE DECORATION WITH BELL",10,"1.12.2010 14:32",0.43,,"United Kingdom"
536544,21802,"CHRISTMAS TREE HEART DECORATION",9,"1.12.2010 14:32",0.43,,"United Kingdom"
536544,21803,"CHRISTMAS TREE STAR DECORATION",11,"1.12.2010 14:32",0.43,,"United Kingdom"
536544,21809,"CHRISTMAS HANGING TREE WITH BELL",1,"1.12.2010 14:32",2.51,,"United Kingdom"
536544,21810,"CHRISTMAS HANGING STAR WITH BELL",3,"1.12.2010 14:32",2.51,,"United Kingdom"
536544,21811,"CHRISTMAS HANGING HEART WITH BELL",1,"1.12.2010 14:32",2.51,,"United Kingdom"
536544,21821,"GLITTER STAR GARLAND WITH BELLS ",1,"1.12.2010 14:32",7.62,,"United Kingdom"
536544,21822,"GLITTER CHRISTMAS TREE WITH BELLS",1,"1.12.2010 14:32",4.21,,"United Kingdom"
536544,21823,"PAINTED METAL HEART WITH HOLLY BELL",2,"1.12.2010 14:32",2.98,,"United Kingdom"
536544,21844,"RED RETROSPOT MUG",2,"1.12.2010 14:32",5.91,,"United Kingdom"
536544,21851,"LILAC DIAMANTE PEN IN GIFT BOX",1,"1.12.2010 14:32",4.21,,"United Kingdom"
536544,21870,"I CAN ONLY PLEASE ONE PERSON MUG",1,"1.12.2010 14:32",3.36,,"United Kingdom"
536544,21871,"SAVE THE PLANET MUG",5,"1.12.2010 14:32",3.36,,"United Kingdom"
536544,21874,"GIN AND TONIC MUG",1,"1.12.2010 14:32",3.36,,"United Kingdom"
536544,21879,"HEARTS GIFT TAPE",1,"1.12.2010 14:32",1.66,,"United Kingdom"
536544,21884,"CAKES AND BOWS GIFT  TAPE",1,"1.12.2010 14:32",1.66,,"United Kingdom"
536544,21888,"BINGO SET",1,"1.12.2010 14:32",7.62,,"United Kingdom"
536544,21889,"WOODEN BOX OF DOMINOES",2,"1.12.2010 14:32",2.51,,"United Kingdom"
536544,21892,"TRADITIONAL WOODEN CATCH CUP GAME ",3,"1.12.2010 14:32",2.51,,"United Kingdom"
536544,21894,"POTTING SHED SEED ENVELOPES",1,"1.12.2010 14:32",2.51,,"United Kingdom"
536544,21911,"GARDEN METAL SIGN ",1,"1.12.2010 14:32",3.36,,"United Kingdom"
536544,21912,"VINTAGE SNAKES & LADDERS",3,"1.12.2010 14:32",7.62,,"United Kingdom"
536544,21913,"VINTAGE SEASIDE JIGSAW PUZZLES",1,"1.12.2010 14:32",7.62,,"United Kingdom"
536544,21914,"BLUE HARMONICA IN BOX ",3,"1.12.2010 14:32",2.51,,"United Kingdom"
536544,21915,"RED  HARMONICA IN BOX ",2,"1.12.2010 14:32",2.51,,"United Kingdom"
536544,21922,"UNION STRIPE WITH FRINGE  HAMMOCK",2,"1.12.2010 14:32",16.98,,"United Kingdom"
536544,21928,"JUMBO BAG SCANDINAVIAN PAISLEY",1,"1.12.2010 14:32",4.21,,"United Kingdom"
536544,21935,"SUKI  SHOULDER BAG",1,"1.12.2010 14:32",3.36,,"United Kingdom"
536544,21942,"SKULLS DESIGN FLANNEL",2,"1.12.2010 14:32",1.66,,"United Kingdom"
536544,21944,"KITTENS DESIGN FLANNEL",1,"1.12.2010 14:32",1.66,,"United Kingdom"
536544,21949,"SET OF 6 STRAWBERRY CHOPSTICKS",1,"1.12.2010 14:32",2.51,,"United Kingdom"
536544,21975,"PACK OF 60 DINOSAUR CAKE CASES",1,"1.12.2010 14:32",1.28,,"United Kingdom"
536544,21977,"PACK OF 60 PINK PAISLEY CAKE CASES",1,"1.12.2010 14:32",1.28,,"United Kingdom"
536544,21982,"PACK OF 12 SUKI TISSUES ",1,"1.12.2010 14:32",0.85,,"United Kingdom"
536544,21990,"MODERN FLORAL STATIONERY SET",2,"1.12.2010 14:32",2.51,,"United Kingdom"
536544,21991,"BOHEMIAN COLLAGE STATIONERY SET",1,"1.12.2010 14:32",2.51,,"United Kingdom"
536544,21992,"VINTAGE PAISLEY STATIONERY SET",6,"1.12.2010 14:32",2.51,,"United Kingdom"
536544,21993,"FLORAL FOLK STATIONERY SET",4,"1.12.2010 14:32",2.51,,"United Kingdom"
536544,22037,"ROBOT BIRTHDAY CARD",1,"1.12.2010 14:32",0.85,,"United Kingdom"
536544,22043,"CHRISTMAS CARD SCREEN PRINT ",1,"1.12.2010 14:32",0.43,,"United Kingdom"
536544,22064,"PINK DOUGHNUT TRINKET POT ",1,"1.12.2010 14:32",3.36,,"United Kingdom"
536544,22065,"CHRISTMAS PUDDING TRINKET POT ",1,"1.12.2010 14:32",3.36,,"United Kingdom"
536544,22067,"CHOC TRUFFLE GOLD TRINKET POT ",1,"1.12.2010 14:32",3.36,,"United Kingdom"
536544,22068,"BLACK PIRATE TREASURE CHEST",1,"1.12.2010 14:32",3.36,,"United Kingdom"
536544,22069,"BROWN  PIRATE TREASURE CHEST ",1,"1.12.2010 14:32",3.36,,"United Kingdom"
536544,22071,"SMALL WHITE RETROSPOT MUG IN BOX ",1,"1.12.2010 14:32",7.62,,"United Kingdom"
536544,22075,"6 RIBBONS ELEGANT CHRISTMAS ",1,"1.12.2010 14:32",3.36,,"United Kingdom"
536544,22076,"6 RIBBONS EMPIRE  ",1,"1.12.2010 14:32",3.36,,"United Kingdom"
536544,22077,"6 RIBBONS RUSTIC CHARM",3,"1.12.2010 14:32",3.36,,"United Kingdom"
536544,22080,"RIBBON REEL POLKADOTS ",1,"1.12.2010 14:32",3.36,,"United Kingdom"
536544,22081,"RIBBON REEL FLORA + FAUNA ",1,"1.12.2010 14:32",3.36,,"United Kingdom"
536544,22082,"RIBBON REEL STRIPES DESIGN ",1,"1.12.2010 14:32",3.36,,"United Kingdom"
536544,22083,"PAPER CHAIN KIT RETROSPOT",4,"1.12.2010 14:32",5.91,,"United Kingdom"
536544,22086,"PAPER CHAIN KIT 50'S CHRISTMAS ",33,"1.12.2010 14:32",5.91,,"United Kingdom"
536544,22087,"PAPER BUNTING WHITE LACE",2,"1.12.2010 14:32",5.91,,"United Kingdom"
536544,22090,"PAPER BUNTING RETROSPOT",1,"1.12.2010 14:32",5.91,,"United Kingdom"
536544,22095,"LADS ONLY TISSUE BOX",2,"1.12.2010 14:32",2.51,,"United Kingdom"
536544,22100,"SKULLS SQUARE TISSUE BOX",1,"1.12.2010 14:32",2.51,,"United Kingdom"
536544,22107,"PIZZA PLATE IN BOX",1,"1.12.2010 14:32",7.62,,"United Kingdom"
536544,22110,"BIRD HOUSE HOT WATER BOTTLE",2,"1.12.2010 14:32",7.62,,"United Kingdom"
536544,22111,"SCOTTIE DOG HOT WATER BOTTLE",2,"1.12.2010 14:32",11.02,,"United Kingdom"
536544,22112,"CHOCOLATE HOT WATER BOTTLE",2,"1.12.2010 14:32",11.02,,"United Kingdom"
536544,22114,"HOT WATER BOTTLE TEA AND SYMPATHY",3,"1.12.2010 14:32",8.47,,"United Kingdom"
536544,22115,"METAL SIGN EMPIRE TEA",2,"1.12.2010 14:32",5.91,,"United Kingdom"
536544,22130,"PARTY CONE CHRISTMAS DECORATION ",2,"1.12.2010 14:32",8.47,,"United Kingdom"
536544,22134,"LADLE LOVE HEART RED ",1,"1.12.2010 14:32",0.85,,"United Kingdom"
536544,22135,"LADLE LOVE HEART PINK",5,"1.12.2010 14:32",0.85,,"United Kingdom"
536544,22141,"CHRISTMAS CRAFT TREE TOP ANGEL",4,"1.12.2010 14:32",4.21,,"United Kingdom"
536544,22144,"CHRISTMAS CRAFT LITTLE FRIENDS",4,"1.12.2010 14:32",4.21,,"United Kingdom"
536544,22149,"FELTCRAFT 6 FLOWER FRIENDS",1,"1.12.2010 14:32",4.21,,"United Kingdom"
536544,22153,"ANGEL DECORATION STARS ON DRESS",1,"1.12.2010 14:32",0.85,,"United Kingdom"
536544,22154,"ANGEL DECORATION 3 BUTTONS ",1,"1.12.2010 14:32",0.85,,"United Kingdom"
536544,22155,"STAR DECORATION RUSTIC",3,"1.12.2010 14:32",0.85,,"United Kingdom"
536544,22156,"HEART DECORATION WITH PEARLS ",3,"1.12.2010 14:32",1.66,,"United Kingdom"
536544,22161,"HEART DECORATION RUSTIC HANGING ",10,"1.12.2010 14:32",0.81,,"United Kingdom"
536544,22162,"HEART GARLAND RUSTIC PADDED",2,"1.12.2010 14:32",3.36,,"United Kingdom"
536544,22169,"FAMILY ALBUM WHITE PICTURE FRAME",1,"1.12.2010 14:32",16.98,,"United Kingdom"
536544,22174,"PHOTO CUBE",2,"1.12.2010 14:32",3.36,,"United Kingdom"
536544,22178,"VICTORIAN GLASS HANGING T-LIGHT",13,"1.12.2010 14:32",2.51,,"United Kingdom"
536544,22182,"CAKE STAND VICTORIAN FILIGREE SMALL",1,"1.12.2010 14:32",4.21,,"United Kingdom"
536544,22185,"SLATE TILE NATURAL HANGING",1,"1.12.2010 14:32",3.36,,"United Kingdom"
536544,22189,"CREAM HEART CARD HOLDER",1,"1.12.2010 14:32",8.47,,"United Kingdom"
536544,22190,"LOCAL CAFE MUG",3,"1.12.2010 14:32",2.51,,"United Kingdom"
536544,22195,"LARGE HEART MEASURING SPOONS",1,"1.12.2010 14:32",3.36,,"United Kingdom"
536544,22196,"SMALL HEART MEASURING SPOONS",2,"1.12.2010 14:32",1.66,,"United Kingdom"
536544,22197,"SMALL POPCORN HOLDER",2,"1.12.2010 14:32",1.66,,"United Kingdom"
536544,22198,"LARGE POPCORN HOLDER ",4,"1.12.2010 14:32",3.36,,"United Kingdom"
536544,22203,"MILK PAN RED RETROSPOT",1,"1.12.2010 14:32",7.62,,"United Kingdom"
536544,22207,"FRYING PAN UNION FLAG",1,"1.12.2010 14:32",8.47,,"United Kingdom"
536544,22219,"LOVEBIRD HANGING DECORATION WHITE ",3,"1.12.2010 14:32",1.66,,"United Kingdom"
536544,22224,"WHITE LOVEBIRD LANTERN",1,"1.12.2010 14:32",5.91,,"United Kingdom"
536544,22265,"EASTER DECORATION NATURAL CHICK",2,"1.12.2010 14:32",1.28,,"United Kingdom"
536544,22276,"WASH BAG VINTAGE ROSE PAISLEY",1,"1.12.2010 14:32",5.91,,"United Kingdom"
536544,DOT,"DOTCOM POSTAGE",1,"1.12.2010 14:32",569.77,,"United Kingdom"
536545,21134,,1,"1.12.2010 14:32",0,,"United Kingdom"
536546,22145,,1,"1.12.2010 14:33",0,,"United Kingdom"
536547,37509,,1,"1.12.2010 14:33",0,,"United Kingdom"
C536548,22244,"3 HOOK HANGER MAGIC GARDEN",-4,"1.12.2010 14:33",1.95,12472,Germany
C536548,22242,"5 HOOK HANGER MAGIC TOADSTOOL",-5,"1.12.2010 14:33",1.65,12472,Germany
C536548,20914,"SET/5 RED RETROSPOT LID GLASS BOWLS",-1,"1.12.2010 14:33",2.95,12472,Germany
C536548,22892,"SET OF SALT AND PEPPER TOADSTOOLS",-7,"1.12.2010 14:33",1.25,12472,Germany
C536548,22654,"DELUXE SEWING KIT ",-1,"1.12.2010 14:33",5.95,12472,Germany
C536548,22767,"TRIPLE PHOTO FRAME CORNICE ",-2,"1.12.2010 14:33",9.95,12472,Germany
C536548,22333,"RETROSPOT PARTY BAG + STICKER SET",-1,"1.12.2010 14:33",1.65,12472,Germany
C536548,22245,"HOOK, 1 HANGER ,MAGIC GARDEN",-2,"1.12.2010 14:33",0.85,12472,Germany
C536548,22077,"6 RIBBONS RUSTIC CHARM",-6,"1.12.2010 14:33",1.65,12472,Germany
C536548,22631,"CIRCUS PARADE LUNCH BOX ",-1,"1.12.2010 14:33",1.95,12472,Germany
C536548,22168,"ORGANISER WOOD ANTIQUE WHITE ",-2,"1.12.2010 14:33",8.5,12472,Germany
C536548,21218,"RED SPOTTY BISCUIT TIN",-3,"1.12.2010 14:33",3.75,12472,Germany
C536548,20957,"PORCELAIN HANGING BELL SMALL",-1,"1.12.2010 14:33",1.45,12472,Germany
C536548,22580,"ADVENT CALENDAR GINGHAM SACK",-4,"1.12.2010 14:33",5.95,12472,Germany
536549,85226A,,1,"1.12.2010 14:34",0,,"United Kingdom"
536550,85044,,1,"1.12.2010 14:34",0,,"United Kingdom"
536552,20950,,1,"1.12.2010 14:34",0,,"United Kingdom"
536553,37461,,3,"1.12.2010 14:35",0,,"United Kingdom"
536554,84670,,23,"1.12.2010 14:35",0,,"United Kingdom"
536569,M,Manual,1,"1.12.2010 15:35",1.25,16274,"United Kingdom"
536569,M,Manual,1,"1.12.2010 15:35",18.95,16274,"United Kingdom"
536589,21777,,-10,"1.12.2010 16:50",0,,"United Kingdom"
536592,DOT,"DOTCOM POSTAGE",1,"1.12.2010 17:06",607.49,,"United Kingdom"
C536606,20914,"SET/5 RED RETROSPOT LID GLASS BOWLS",-2,"2.12.2010 09:10",2.95,14092,"United Kingdom"
C536622,22752,"SET 7 BABUSHKA NESTING BOXES",-2,"2.12.2010 10:37",8.5,12471,Germany
C536625,22839,"3 TIER CAKE TIN GREEN AND CREAM",-2,"2.12.2010 10:46",14.95,14766,"United Kingdom"
C536642,21463,"MIRRORED DISCO BALL ",-1,"2.12.2010 11:56",5.95,14390,"United Kingdom"
C536734,22780,"LIGHT GARLAND BUTTERFILES PINK",-4,"2.12.2010 12:50",4.25,16042,"United Kingdom"
C536734,85048,"15CM CHRISTMAS GLASS BALL 20 LIGHTS",-1,"2.12.2010 12:50",7.95,16042,"United Kingdom"
C536737,22798,"ANTIQUE GLASS DRESSING TABLE POT",-2,"2.12.2010 13:05",2.95,15922,"United Kingdom"
C536757,84347,"ROTATING SILVER ANGELS T-LIGHT HLDR",-9360,"2.12.2010 14:23",0.03,15838,"United Kingdom"
C536758,21314,"SMALL GLASS HEART TRINKET POT",-1,"2.12.2010 14:25",2.1,13767,"United Kingdom"
C536760,22175,"PINK OWL SOFT TOY",-1,"2.12.2010 14:29",2.95,17547,"United Kingdom"
C536760,22273,"FELTCRAFT DOLL MOLLY",-3,"2.12.2010 14:29",2.95,17547,"United Kingdom"
536764,84952C,,-38,"2.12.2010 14:42",0,,"United Kingdom"
536765,84952C,,19,"2.12.2010 14:43",0,,"United Kingdom"
536779,"BANK CHARGES","Bank Charges",1,"2.12.2010 15:08",15,15823,"United Kingdom"
C536807,22501,"PICNIC BASKET WICKER LARGE",-2,"2.12.2010 16:45",9.95,15834,"United Kingdom"
C536807,22778,"GLASS CLOCHE SMALL",-1,"2.12.2010 16:45",3.95,15834,"United Kingdom"
C536812,22578,"WOODEN STAR CHRISTMAS SCANDINAVIAN",-36,"2.12.2010 16:58",0.85,16546,"United Kingdom"
C536812,22574,"HEART WOODEN CHRISTMAS DECORATION",-192,"2.12.2010 16:58",0.72,16546,"United Kingdom"
C536812,22593,"CHRISTMAS GINGHAM STAR",-144,"2.12.2010 16:58",0.72,16546,"United Kingdom"
C536812,22595,"CHRISTMAS GINGHAM HEART",-144,"2.12.2010 16:58",0.72,16546,"United Kingdom"
C536812,22588,"CARD HOLDER GINGHAM HEART",-192,"2.12.2010 16:58",2.1,16546,"United Kingdom"
C536812,22130,"PARTY CONE CHRISTMAS DECORATION ",-144,"2.12.2010 16:58",0.72,16546,"United Kingdom"
C536814,21527,"RED RETROSPOT TRADITIONAL TEAPOT ",-2,"2.12.2010 17:03",7.95,13958,"United Kingdom"
C536814,72799E,"IVORY PILLAR CANDLE SILVER FLOCK",-6,"2.12.2010 17:03",2.95,13958,"United Kingdom"
C536814,85066,"CREAM SWEETHEART MINI CHEST",-2,"2.12.2010 17:03",12.75,13958,"United Kingdom"
C536814,21586,"KINGS CHOICE GIANT TUBE MATCHES",-12,"2.12.2010 17:03",2.55,13958,"United Kingdom"
C536814,21258,"VICTORIAN SEWING BOX LARGE",-1,"2.12.2010 17:03",12.75,13958,"United Kingdom"
C536815,85175,"CACTI T-LIGHT CANDLES",-1,"2.12.2010 17:05",0.42,14443,"United Kingdom"
C536815,22178,"VICTORIAN GLASS HANGING T-LIGHT",-1,"2.12.2010 17:05",1.25,14443,"United Kingdom"
C536816,21129,"SILVER FISHING GNOME ",-2,"2.12.2010 17:06",6.95,14443,"United Kingdom"
C536817,22187,"GREEN CHRISTMAS TREE CARD HOLDER",-1,"2.12.2010 17:08",4.25,14156,EIRE
C536817,71477,"COLOUR GLASS. STAR T-LIGHT HOLDER",-1,"2.12.2010 17:08",3.25,14156,EIRE
C536818,84947,"ANTIQUE SILVER TEA GLASS ENGRAVED",-1,"2.12.2010 17:09",1.25,16995,"United Kingdom"
C536820,22877,"NUMBER TILE COTTAGE GARDEN 9",-1,"2.12.2010 17:14",1.95,18168,"United Kingdom"
C536820,22869,"NUMBER TILE COTTAGE GARDEN 1",-1,"2.12.2010 17:14",1.95,18168,"United Kingdom"
C536820,22878,"NUMBER TILE COTTAGE GARDEN No",-1,"2.12.2010 17:14",2.1,18168,"United Kingdom"
C536820,21843,"RED RETROSPOT CAKE STAND",-1,"2.12.2010 17:14",10.95,18168,"United Kingdom"
C536822,22847,"BREAD BIN DINER STYLE IVORY",-2,"2.12.2010 17:19",16.95,14625,"United Kingdom"
C536822,21430,"SET/3 RED GINGHAM ROSE STORAGE BOX",-1,"2.12.2010 17:19",3.75,14625,"United Kingdom"
C536825,22617,"BAKING SET SPACEBOY DESIGN",-1,"2.12.2010 17:27",4.95,15384,"United Kingdom"
C536825,22197,"SMALL POPCORN HOLDER",-2,"2.12.2010 17:27",0.85,15384,"United Kingdom"
C536826,35004B,"SET OF 3 BLACK FLYING DUCKS",-2,"2.12.2010 17:30",4.65,17924,"United Kingdom"
C536826,35004B,"SET OF 3 BLACK FLYING DUCKS",-3,"2.12.2010 17:30",4.65,17924,"United Kingdom"
C536827,21527,"RED RETROSPOT TRADITIONAL TEAPOT ",-3,"2.12.2010 17:31",6.95,13408,"United Kingdom"
C536828,22832,"BROCANTE SHELF WITH HOOKS",-1,"2.12.2010 17:35",10.75,14264,"United Kingdom"
C536828,84946,"ANTIQUE SILVER TEA GLASS ETCHED",-3,"2.12.2010 17:35",1.25,14264,"United Kingdom"
C536829,71477,"COLOUR GLASS. STAR T-LIGHT HOLDER",-1,"2.12.2010 17:36",3.25,13295,"United Kingdom"
536840,POST,POSTAGE,1,"2.12.2010 18:27",18,12738,Germany
C536850,22942,"CHRISTMAS LIGHTS 10 SANTAS ",-48,"3.12.2010 09:47",7.65,14213,"United Kingdom"
C536850,22689,"DOORMAT MERRY CHRISTMAS RED ",-50,"3.12.2010 09:47",6.75,14213,"United Kingdom"
C536850,22591,"CARDHOLDER GINGHAM CHRISTMAS TREE",-50,"3.12.2010 09:47",2.55,14213,"United Kingdom"
C536850,22580,"ADVENT CALENDAR GINGHAM SACK",-48,"3.12.2010 09:47",4.95,14213,"United Kingdom"
C536850,22186,"RED STAR CARD HOLDER",-48,"3.12.2010 09:47",2.55,14213,"United Kingdom"
536852,POST,POSTAGE,1,"3.12.2010 09:51",18,12686,France
C536853,84678,"CLASSICAL ROSE SMALL VASE",-1,"3.12.2010 10:07",2.55,14679,"United Kingdom"
C536854,22158,"3 HEARTS HANGING DECORATION RUSTIC",-1,"3.12.2010 10:09",2.95,15240,"United Kingdom"
C536854,22944,"CHRISTMAS METAL POSTCARD WITH BELLS",-1,"3.12.2010 10:09",1.25,15240,"United Kingdom"
C536854,21871,"SAVE THE PLANET MUG",-1,"3.12.2010 10:09",1.25,15240,"United Kingdom"
C536855,21527,"RED RETROSPOT TRADITIONAL TEAPOT ",-4,"3.12.2010 10:11",7.95,18225,"United Kingdom"
536858,POST,POSTAGE,2,"3.12.2010 10:36",40,13520,Switzerland
536861,POST,POSTAGE,3,"3.12.2010 10:44",18,12427,Germany
536862,DOT,"DOTCOM POSTAGE",1,"3.12.2010 11:13",254.43,,"United Kingdom"
536864,DOT,"DOTCOM POSTAGE",1,"3.12.2010 11:27",121.06,,"United Kingdom"
536865,M,Manual,1,"3.12.2010 11:28",2.55,,"United Kingdom"
536865,DOT,"DOTCOM POSTAGE",1,"3.12.2010 11:28",498.47,,"United Kingdom"
536876,DOT,"DOTCOM POSTAGE",1,"3.12.2010 11:36",887.52,,"United Kingdom"
536941,22734,amazon,20,"3.12.2010 12:08",0,,"United Kingdom"
536942,22139,amazon,15,"3.12.2010 12:08",0,,"United Kingdom"
536967,POST,POSTAGE,1,"3.12.2010 12:57",18,12600,Germany
536974,POST,POSTAGE,2,"3.12.2010 13:59",18,12682,France
C536978,22776,"SWEETHEART CAKESTAND 3 TIER",-1,"3.12.2010 14:19",9.95,17954,"United Kingdom"
C536979,84685,"BEACH HUT KEY CABINET",-1,"3.12.2010 14:23",3.75,17841,"United Kingdom"
C536979,22630,"DOLLY GIRL LUNCH BOX",-1,"3.12.2010 14:23",1.95,17841,"United Kingdom"
536981,M,Manual,2,"3.12.2010 14:26",0.85,14723,"United Kingdom"
536983,POST,POSTAGE,1,"3.12.2010 14:30",18,12712,Germany
536990,POST,POSTAGE,1,"3.12.2010 15:14",28,12793,Portugal
536995,35951,,57,"3.12.2010 15:29",0,,"United Kingdom"
536996,22712,,-20,"3.12.2010 15:30",0,,"United Kingdom"
536997,22028,,-20,"3.12.2010 15:30",0,,"United Kingdom"
536998,85067,,-6,"3.12.2010 15:30",0,,"United Kingdom"
536999,21421,,110,"3.12.2010 15:32",0,,"United Kingdom"
537000,21414,,-22,"3.12.2010 15:32",0,,"United Kingdom"
537001,21653,,-6,"3.12.2010 15:33",0,,"United Kingdom"
537002,21651,,70,"3.12.2010 15:33",0,,"United Kingdom"
537003,85126,,-2,"3.12.2010 15:33",0,,"United Kingdom"
537004,21814,,-30,"3.12.2010 15:34",0,,"United Kingdom"
537005,21692,,-70,"3.12.2010 15:35",0,,"United Kingdom"
537006,21648,,-130,"3.12.2010 15:36",0,,"United Kingdom"
537007,21172,,-80,"3.12.2010 15:36",0,,"United Kingdom"
537008,21161,,-120,"3.12.2010 15:37",0,,"United Kingdom"
537009,84534B,,-80,"3.12.2010 15:38",0,,"United Kingdom"
537010,22162,,-40,"3.12.2010 15:38",0,,"United Kingdom"
537011,22139,,-5,"3.12.2010 15:38",0,,"United Kingdom"
537012,21535,,-12,"3.12.2010 15:39",0,,"United Kingdom"
537013,35965,,-25,"3.12.2010 15:40",0,,"United Kingdom"
537014,21040,,-20,"3.12.2010 15:40",0,,"United Kingdom"
537015,37464,,-14,"3.12.2010 15:41",0,,"United Kingdom"
537016,21836,,-15,"3.12.2010 15:41",0,,"United Kingdom"
537017,47556B,,-69,"3.12.2010 15:41",0,,"United Kingdom"
537018,84562A,,-3,"3.12.2010 15:42",0,,"United Kingdom"
537019,37474,,-15,"3.12.2010 15:43",0,,"United Kingdom"
537020,21807,,-30,"3.12.2010 15:43",0,,"United Kingdom"
537021,21011,,-20,"3.12.2010 15:43",0,,"United Kingdom"
537022,POST,POSTAGE,2,"3.12.2010 15:45",28,12725,Italy
C537024,20893,"HANGING BAUBLE T-LIGHT HOLDER SMALL",-36,"3.12.2010 16:21",2.1,13941,"United Kingdom"
537026,POST,POSTAGE,2,"3.12.2010 16:35",18,12395,Belgium
537027,18098C,,-140,"3.12.2010 16:36",0,,"United Kingdom"
537028,21696,,-320,"3.12.2010 16:36",0,,"United Kingdom"
537029,37476,,-6,"3.12.2010 16:37",0,,"United Kingdom"
537032,21275,?,-30,"3.12.2010 16:50",0,,"United Kingdom"
C537039,22854,"CREAM SWEETHEART EGG HOLDER",-1,"5.12.2010 10:25",4.95,15708,"United Kingdom"
C537039,20936,"FORKED CACTUS CANDLE",-1,"5.12.2010 10:25",2.95,15708,"United Kingdom"
C537039,85175,"CACTI T-LIGHT CANDLES",-1,"5.12.2010 10:25",0.42,15708,"United Kingdom"
C537043,22575,"METAL MERRY CHRISTMAS WREATH",-6,"5.12.2010 10:48",1.95,15351,"United Kingdom"
C537043,11001,"ASSTD DESIGN RACING CAR PEN",-1,"5.12.2010 10:48",1.69,15351,"United Kingdom"
537065,POST,POSTAGE,9,"5.12.2010 11:57",18,12567,France
537077,M,Manual,12,"5.12.2010 11:59",0.42,17062,"United Kingdom"
C537132,22788,"BROCANTE COAT RACK",-2,"5.12.2010 12:29",8.5,15221,"United Kingdom"
C537132,22184,"CAKE STAND VICTORIAN FILIGREE LARGE",-1,"5.12.2010 12:29",8.5,15221,"United Kingdom"
C537132,71279,"PINK GLASS CANDLEHOLDER",-2,"5.12.2010 12:29",2.95,15221,"United Kingdom"
C537132,22761,"CHEST 7 DRAWER MA CAMPAGNE",-2,"5.12.2010 12:29",21.95,15221,"United Kingdom"
C537132,22769,"CHALKBOARD KITCHEN ORGANISER",-8,"5.12.2010 12:29",21.95,15221,"United Kingdom"
C537132,22762,"CUPBOARD 3 DRAWER MA CAMPAGNE",-3,"5.12.2010 12:29",12.75,15221,"United Kingdom"
537137,M,Manual,36,"5.12.2010 12:43",0.85,16327,"United Kingdom"
537140,M,Manual,1,"5.12.2010 12:53",0.42,12748,"United Kingdom"
537140,M,Manual,1,"5.12.2010 12:53",0.85,12748,"United Kingdom"
C537143,20685,"DOORMAT RED RETROSPOT",-1,"5.12.2010 12:58",7.95,12748,"United Kingdom"
C537157,35953,"FOLKART STAR CHRISTMAS DECORATIONS",-24,"5.12.2010 13:09",1.25,15880,"United Kingdom"
C537164,D,Discount,-1,"5.12.2010 13:21",29.29,14527,"United Kingdom"
537197,POST,POSTAGE,3,"5.12.2010 14:02",18,12647,Germany
537197,22841,"ROUND CAKE TIN VINTAGE GREEN",1,"5.12.2010 14:02",0,12647,Germany
537198,POST,POSTAGE,1,"5.12.2010 14:03",18,12647,Germany
537199,M,Manual,1,"5.12.2010 14:06",0.65,15894,"United Kingdom"
537201,POST,POSTAGE,6,"5.12.2010 14:19",18,12472,Germany
C537203,37449,"CERAMIC CAKE STAND + HANGING CAKES",-1,"5.12.2010 14:44",9.95,14606,"United Kingdom"
C537203,21424,"WOODLAND STORAGE BOX LARGE ",-1,"5.12.2010 14:44",2.95,14606,"United Kingdom"
537208,M,Manual,4,"5.12.2010 15:12",0.85,15889,"United Kingdom"
537212,POST,POSTAGE,4,"5.12.2010 15:21",18,12720,Germany
537225,M,Manual,1,"5.12.2010 16:41",1,12748,"United Kingdom"
C537232,84840,"SWEETHEART CARRY-ALL BASKET",-2,"6.12.2010 09:31",8.5,12586,Italy
C537234,22653,"BUTTON BOX ",-20,"6.12.2010 09:40",1.95,16161,"United Kingdom"
537237,DOT,"DOTCOM POSTAGE",1,"6.12.2010 09:58",863.74,,"United Kingdom"
537240,DOT,"DOTCOM POSTAGE",1,"6.12.2010 10:08",940.87,,"United Kingdom"
537246,POST,POSTAGE,1,"6.12.2010 10:27",28,12808,Portugal
537250,POST,POSTAGE,1,"6.12.2010 10:43",18,12708,Germany
C537251,22429,"ENAMEL MEASURING JUG CREAM",-2,"6.12.2010 10:45",4.25,,"United Kingdom"
C537251,22620,"4 TRADITIONAL SPINNING TOPS",-8,"6.12.2010 10:45",1.25,,"United Kingdom"
C537251,21890,"S/6 WOODEN SKITTLES IN COTTON BAG",-2,"6.12.2010 10:45",2.95,,"United Kingdom"
C537251,22564,"ALPHABET STENCIL CRAFT",-5,"6.12.2010 10:45",1.25,,"United Kingdom"
C537251,21891,"TRADITIONAL WOODEN SKIPPING ROPE",-3,"6.12.2010 10:45",1.25,,"United Kingdom"
C537251,22747,"POPPY'S PLAYHOUSE BATHROOM",-6,"6.12.2010 10:45",2.1,,"United Kingdom"
C537251,22454,"MEASURING TAPE BABUSHKA RED",-8,"6.12.2010 10:45",2.95,,"United Kingdom"
C537251,22327,"ROUND SNACK BOXES SET OF 4 SKULLS",-4,"6.12.2010 10:45",2.95,,"United Kingdom"
C537251,21915,"RED  HARMONICA IN BOX ",-4,"6.12.2010 10:45",1.25,,"United Kingdom"
C537251,84347,"ROTATING SILVER ANGELS T-LIGHT HLDR",-9,"6.12.2010 10:45",2.55,,"United Kingdom"
C537251,22748,"POPPY'S PLAYHOUSE KITCHEN",-4,"6.12.2010 10:45",2.1,,"United Kingdom"
C537251,22943,"CHRISTMAS LIGHTS 10 VINTAGE BAUBLES",-6,"6.12.2010 10:45",4.95,,"United Kingdom"
C537251,22418,"10 COLOUR SPACEBOY PEN",-7,"6.12.2010 10:45",0.85,,"United Kingdom"
C537251,22911,"PAPER CHAIN KIT LONDON",-2,"6.12.2010 10:45",2.95,,"United Kingdom"
C537251,22940,"FELTCRAFT CHRISTMAS FAIRY",-5,"6.12.2010 10:45",4.25,,"United Kingdom"
C537251,22141,"CHRISTMAS CRAFT TREE TOP ANGEL",-8,"6.12.2010 10:45",2.1,,"United Kingdom"
C537251,22328,"ROUND SNACK BOXES SET OF 4 FRUITS ",-2,"6.12.2010 10:45",2.95,,"United Kingdom"
C537251,22536,"MAGIC DRAWING SLATE PURDEY",-11,"6.12.2010 10:45",0.42,,"United Kingdom"
C537251,21826,"EIGHT PIECE DINOSAUR SET",-4,"6.12.2010 10:45",1.25,,"United Kingdom"
C537251,22466,"FAIRY TALE COTTAGE NIGHTLIGHT",-3,"6.12.2010 10:45",1.95,,"United Kingdom"
C537314,21349,"IVY HEART WREATH",-4,"6.12.2010 11:42",6.75,13497,"United Kingdom"
C537320,35400,"WOODEN BOX ADVENT CALENDAR ",-1,"6.12.2010 11:47",8.95,14867,"United Kingdom"
C537333,22636,"CHILDS BREAKFAST SET CIRCUS PARADE",-4,"6.12.2010 12:00",8.5,12474,Germany
537361,21777,,5,"6.12.2010 12:34",0,,"United Kingdom"
537363,84569B,,-20,"6.12.2010 12:35",0,,"United Kingdom"
537364,21027,,-70,"6.12.2010 12:36",0,,"United Kingdom"
537368,C2,CARRIAGE,1,"6.12.2010 12:40",50,14911,EIRE
C537373,22423,"REGENCY CAKESTAND 3 TIER",-1,"6.12.2010 12:55",12.75,14487,"United Kingdom"
537377,M,Manual,12,"6.12.2010 13:01",0.19,15882,"United Kingdom"
537378,C2,CARRIAGE,1,"6.12.2010 13:06",50,14911,EIRE
C537379,22865,"HAND WARMER OWL DESIGN",-10,"6.12.2010 13:12",2.1,15882,"United Kingdom"
C537383,21658,"GLASS  BEURRE DISH",-1,"6.12.2010 13:17",3.95,16550,"United Kingdom"
C537383,22197,"SMALL POPCORN HOLDER",-1,"6.12.2010 13:17",0.85,16550,"United Kingdom"
C537383,22371,"AIRLINE BAG VINTAGE TOKYO 78",-1,"6.12.2010 13:17",4.25,16550,"United Kingdom"
537392,M,Manual,5,"6.12.2010 13:58",1.25,17068,"United Kingdom"
537396,M,Manual,1,"6.12.2010 14:08",35,17223,"United Kingdom"
C537398,22430,"ENAMEL WATERING CAN CREAM",-1,"6.12.2010 14:22",4.95,15426,"United Kingdom"
537401,84898F,,-24,"6.12.2010 14:37",0,,"United Kingdom"
C537402,22926,"IVORY GIANT GARDEN THERMOMETER",-4,"6.12.2010 14:43",5.95,15502,"United Kingdom"
C537402,22927,"GREEN GIANT GARDEN THERMOMETER",-4,"6.12.2010 14:43",5.95,15502,"United Kingdom"
C537402,22849,"BREAD BIN DINER STYLE MINT",-4,"6.12.2010 14:43",14.95,15502,"United Kingdom"
C537402,22847,"BREAD BIN DINER STYLE IVORY",-4,"6.12.2010 14:43",14.95,15502,"United Kingdom"
C537402,47580,"TEA TIME DES TEA COSY",-6,"6.12.2010 14:43",2.55,15502,"United Kingdom"
C537402,22196,"SMALL HEART MEASURING SPOONS",-12,"6.12.2010 14:43",0.85,15502,"United Kingdom"
C537406,22926,"IVORY GIANT GARDEN THERMOMETER",-4,"6.12.2010 14:53",5.95,15502,"United Kingdom"
C537406,22927,"GREEN GIANT GARDEN THERMOMETER",-4,"6.12.2010 14:53",5.95,15502,"United Kingdom"
C537406,22847,"BREAD BIN DINER STYLE IVORY",-4,"6.12.2010 14:53",14.95,15502,"United Kingdom"
C537406,22849,"BREAD BIN DINER STYLE MINT",-4,"6.12.2010 14:53",14.95,15502,"United Kingdom"
C537408,47580,"TEA TIME DES TEA COSY",-6,"6.12.2010 14:55",2.55,15502,"United Kingdom"
C537408,22196,"SMALL HEART MEASURING SPOONS",-12,"6.12.2010 14:55",0.85,15502,"United Kingdom"
C537413,22834,"HAND WARMER BABUSHKA DESIGN",-72,"6.12.2010 15:07",2.1,14409,"United Kingdom"
C537414,POST,POSTAGE,-1,"6.12.2010 15:09",4.41,16861,"United Kingdom"
C537414,22086,"PAPER CHAIN KIT 50'S CHRISTMAS ",-6,"6.12.2010 15:09",2.95,16861,"United Kingdom"
C537416,22840,"ROUND CAKE TIN VINTAGE RED",-1,"6.12.2010 15:10",7.95,16138,"United Kingdom"
C537417,22960,"JAM MAKING SET WITH JARS",-1,"6.12.2010 15:12",4.25,13481,"United Kingdom"
537425,84968F,check,-20,"6.12.2010 15:35",0,,"United Kingdom"
537426,84968E,check,-35,"6.12.2010 15:36",0,,"United Kingdom"
537427,84968B,,-21,"6.12.2010 15:37",0,,"United Kingdom"
537430,85215,,120,"6.12.2010 16:05",0,,"United Kingdom"
537432,35833G,damages,-43,"6.12.2010 16:10",0,,"United Kingdom"
C537431,21755,"LOVE BUILDING BLOCK WORD",-1,"6.12.2010 16:10",5.95,16782,"United Kingdom"
537434,DOT,"DOTCOM POSTAGE",1,"6.12.2010 16:57",950.99,,"United Kingdom"
537436,84270,,7,"6.12.2010 17:00",0,,"United Kingdom"
537437,90167,,10,"6.12.2010 17:00",0,,"United Kingdom"
537438,22959,,13,"6.12.2010 17:00",0,,"United Kingdom"
537439,37474,,1,"6.12.2010 17:01",0,,"United Kingdom"
C537444,22580,"ADVENT CALENDAR GINGHAM SACK",-8,"7.12.2010 08:42",5.95,14850,"United Kingdom"
537449,21054,,-30,"7.12.2010 09:26",0,,"United Kingdom"
537450,20684,,-19,"7.12.2010 09:26",0,,"United Kingdom"
537451,84881,,-11,"7.12.2010 09:27",0,,"United Kingdom"
537452,20941,,-24,"7.12.2010 09:28",0,,"United Kingdom"
537453,21248,,-18,"7.12.2010 09:28",0,,"United Kingdom"
537454,21349,,-44,"7.12.2010 09:30",0,,"United Kingdom"
537455,22155,,-70,"7.12.2010 09:31",0,,"United Kingdom"
537466,21488,,-50,"7.12.2010 10:33",0,,"United Kingdom"
537534,85064,"CREAM SWEETHEART LETTER RACK",1,"7.12.2010 11:48",0,,"United Kingdom"
537534,84832,"ZINC WILLIE WINKIE  CANDLE STICK",1,"7.12.2010 11:48",0,,"United Kingdom"
537534,84692,"BOX OF 24 COCKTAIL PARASOLS",2,"7.12.2010 11:48",0,,"United Kingdom"
537534,48184,"DOORMAT ENGLISH ROSE ",3,"7.12.2010 11:48",0,,"United Kingdom"
537534,48111,"DOORMAT 3 SMILEY CATS",1,"7.12.2010 11:48",0,,"United Kingdom"
537534,22697,"GREEN REGENCY TEACUP AND SAUCER",1,"7.12.2010 11:48",0,,"United Kingdom"
537534,22682,"FRENCH BLUE METAL DOOR SIGN 7",1,"7.12.2010 11:48",0,,"United Kingdom"
537534,22680,"FRENCH BLUE METAL DOOR SIGN 5",1,"7.12.2010 11:48",0,,"United Kingdom"
537534,22681,"FRENCH BLUE METAL DOOR SIGN 6",2,"7.12.2010 11:48",0,,"United Kingdom"
537534,22679,"FRENCH BLUE METAL DOOR SIGN 4",5,"7.12.2010 11:48",0,,"United Kingdom"
537534,22686,"FRENCH BLUE METAL DOOR SIGN No",2,"7.12.2010 11:48",0,,"United Kingdom"
537534,22683,"FRENCH BLUE METAL DOOR SIGN 8",3,"7.12.2010 11:48",0,,"United Kingdom"
537534,22676,"FRENCH BLUE METAL DOOR SIGN 1",3,"7.12.2010 11:48",0,,"United Kingdom"
537534,22625,"RED KITCHEN SCALES",1,"7.12.2010 11:48",0,,"United Kingdom"
537534,22624,"IVORY KITCHEN SCALES",3,"7.12.2010 11:48",0,,"United Kingdom"
537534,22619,"SET OF 6 SOLDIER SKITTLES",1,"7.12.2010 11:48",0,,"United Kingdom"
537534,22520,"CHILDS GARDEN TROWEL BLUE ",1,"7.12.2010 11:48",0,,"United Kingdom"
537534,22524,"CHILDRENS GARDEN GLOVES BLUE",3,"7.12.2010 11:48",0,,"United Kingdom"
537534,22502,"PICNIC BASKET WICKER SMALL",29,"7.12.2010 11:48",0,,"United Kingdom"
537534,22501,"PICNIC BASKET WICKER LARGE",2,"7.12.2010 11:48",0,,"United Kingdom"
537534,22476,"EMPIRE UNION JACK TV DINNER TRAY",1,"7.12.2010 11:48",0,,"United Kingdom"
537534,22473,"TV DINNER TRAY VINTAGE PAISLEY",1,"7.12.2010 11:48",0,,"United Kingdom"
537534,22474,"SPACEBOY TV DINNER TRAY",1,"7.12.2010 11:48",0,,"United Kingdom"
537534,22472,"TV DINNER TRAY DOLLY GIRL",1,"7.12.2010 11:48",0,,"United Kingdom"
537534,22520,"CHILDS GARDEN TROWEL BLUE ",1,"7.12.2010 11:48",0,,"United Kingdom"
537534,22514,"CHILDS GARDEN SPADE BLUE",1,"7.12.2010 11:48",0,,"United Kingdom"
537534,22516,"CHILDS GARDEN RAKE BLUE",1,"7.12.2010 11:48",0,,"United Kingdom"
537534,22432,"WATERING CAN PINK BUNNY",1,"7.12.2010 11:48",0,,"United Kingdom"
537687,84840,,-9,"8.12.2010 10:26",0,,"United Kingdom"
537870,21486,,-77,"8.12.2010 17:08",0,,"United Kingdom"
537999,22034,,-223,"9.12.2010 11:44",0,,"United Kingdom"
538042,21763,,-4,"9.12.2010 13:10",0,,"United Kingdom"
538043,22833,,-1,"9.12.2010 13:10",0,,"United Kingdom"
538046,85008,,-15,"9.12.2010 13:12",0,,"United Kingdom"
538047,21429,,-70,"9.12.2010 13:13",0,,"United Kingdom"
538054,85167B,,-24,"9.12.2010 13:34",0,,"United Kingdom"
538055,22454,,-20,"9.12.2010 13:34",0,,"United Kingdom"
538058,20966,,-150,"9.12.2010 13:38",0,,"United Kingdom"
538061,21801,,-38,"9.12.2010 13:39",0,,"United Kingdom"
538072,22423,faulty,-13,"9.12.2010 14:10",0,,"United Kingdom"
538074,21743,,-80,"9.12.2010 14:11",0,,"United Kingdom"
538090,20956,?,-723,"9.12.2010 14:48",0,,"United Kingdom"
538092,37467,,-177,"9.12.2010 14:49",0,,"United Kingdom"
538158,20892,,-32,"9.12.2010 17:17",0,,"United Kingdom"
538159,21324,,-18,"9.12.2010 17:17",0,,"United Kingdom"
538161,46000S,"Dotcom sales",-100,"9.12.2010 17:25",0,,"United Kingdom"
538162,46000M,"Dotcom sales",-100,"9.12.2010 17:25",0,,"United Kingdom"
538173,22353,,-28,"10.12.2010 09:35",0,,"United Kingdom"
538241,21431,,-21,"10.12.2010 12:00",0,,"United Kingdom"
538247,79067,,-145,"10.12.2010 12:09",0,,"United Kingdom"
538837,85135B,,-40,"14.12.2010 13:10",0,,"United Kingdom"
538906,21895,,-5,"15.12.2010 10:31",0,,"United Kingdom"
539980,35001W,,-36,"23.12.2010 14:34",0,,"United Kingdom"
539994,22830,,-1,"4.01.2011 10:09",0,,"United Kingdom"
539995,85064,,-12,"4.01.2011 10:12",0,,"United Kingdom"
539996,21784,,-10,"4.01.2011 10:12",0,,"United Kingdom"
539999,20892,,-1,"4.01.2011 10:16",0,,"United Kingdom"
540000,84499,,-9,"4.01.2011 10:17",0,,"United Kingdom"
540008,85230F,,-48,"4.01.2011 11:10",0,,"United Kingdom"
540009,22158,,-120,"4.01.2011 11:10",0,,"United Kingdom"
540010,22501,"reverse 21/5/10 adjustment",-100,"4.01.2011 11:13",0,,"United Kingdom"
540012,22502,"reverse 21/5/10 adjustment",-100,"4.01.2011 11:14",0,,"United Kingdom"
540100,22837,?,-106,"4.01.2011 16:53",0,,"United Kingdom"
540119,22865,,-60,"5.01.2011 10:07",0,,"United Kingdom"
540241,35957,,-939,"5.01.2011 15:17",0,,"United Kingdom"
540252,22198,,-100,"5.01.2011 16:25",0,,"United Kingdom"
540272,90096,,-54,"6.01.2011 11:57",0,,"United Kingdom"
540369,47591D,,-201,"6.01.2011 16:20",0,,"United Kingdom"
540549,21587,,-53,"10.01.2011 09:07",0,,"United Kingdom"
540558,21258,?,-29,"10.01.2011 10:04",0,,"United Kingdom"
540560,21589,,-14,"10.01.2011 10:08",0,,"United Kingdom"
540564,22617,"mouldy, thrown away.",-2600,"10.01.2011 10:36",0,,"United Kingdom"
540637,21275,,-5,"10.01.2011 12:13",0,,"United Kingdom"
540638,72038P,damages,-990,"10.01.2011 12:14",0,,"United Kingdom"
540650,85124C,,-8,"10.01.2011 14:59",0,,"United Kingdom"
540651,82599,?,-290,"10.01.2011 15:00",0,,"United Kingdom"
540678,21667,,-1,"10.01.2011 16:21",0,,"United Kingdom"
540679,21667,,-1,"10.01.2011 16:21",0,,"United Kingdom"
540683,84546,,-45,"10.01.2011 17:00",0,,"United Kingdom"
540684,35271S,,-13,"10.01.2011 17:01",0,,"United Kingdom"
540778,84029E,,-50,"11.01.2011 11:15",0,,"United Kingdom"
540978,84050,counted,-310,"12.01.2011 15:04",0,,"United Kingdom"
540987,17011A,,-61,"12.01.2011 16:15",0,,"United Kingdom"
